Priorité;Score SEO;Score IA;Facilité;Type;URL du spot;Domaine;Titre;Plateforme;Indexable Google/Bing;Indexée (vérif. moteur);Suivi des liens;Champ site web;Captcha;Modération;Robots IA autorisés;Thèmes;Zones citées;Cible suggérée;Niveau;Ancres suggérées;Pourquoi cette cible;Signaux;Formulaire de contact;Page d'inscription;Trouvé via;Découvert le;Dernière visite;État;Note
90;100;100;Contact à prendre;Liste de prestataires;https://frelons-asiatiques.fr/societe/83-Var;frelons-asiatiques.fr;;;oui;inconnu;dofollow;non;non;?;100 % (GPTBot, OAI-SearchBot, ClaudeBot, PerplexityBot, Google-Extended);frelon, frelons, frelon asiatique, guêpes, nid de frelons, désinsectisation, nuisibles, anti-nuisibles;Marseille, Provence;https://allo-frelons.fr/entreprise-professionnelle-pour-lutter-contre-les-guepes-et-frelons-dans-le-var-83;1 (site);ALLO FRELONS | allo-frelons.fr/entreprise-professionnelle-pour-lutter-contre-les-guepes-et-frelons-dans-le-var-83 | ALLO FRELONS Marseille;spot éditorial : lien direct vers le site;cite 1 concurrent(s) : dkmexperts.fr | liste : « destruction des nids » | 19 lien(s) vers des sites du métier | liens de la liste : dofollow;;;requete : frelon asiatique Provence Var liste entreprises destruction nid commune;2026-09-26;2026-09-26;a-traiter;
86;93;99;Contact à prendre;Liste de prestataires;https://frelons-asiatiques.fr/societe/92-Hauts-de-Seine;frelons-asiatiques.fr;;;oui;inconnu;dofollow;non;non;?;100 % (GPTBot, OAI-SearchBot, ClaudeBot, PerplexityBot, Google-Extended);frelon, frelons, frelon asiatique, guêpes, désinsectisation, nuisibles, apiculteur, insectes;Paris, Île-de-France;https://allo-frelons.fr/entreprise-frelons-guepes-frelon-asiatique-hauts-de-seine-92;1 (site);ALLO FRELONS | allo-frelons.fr/entreprise-frelons-guepes-frelon-asiatique-hauts-de-seine-92 | ALLO FRELONS Paris;spot éditorial : lien direct vers le site;liste : « destruction des nids » | 10 lien(s) vers des sites du métier | liens de la liste : dofollow;;;requete : frelon asiatique Hauts-de-France liste entreprises destruction nids commune;2026-09-26;2026-09-26;a-traiter;
86;93;99;Contact à prendre;Liste de prestataires;https://www.abc-guepes.com/;abc-guepes.com;Entreprise destruction nid de guêpes et frelons | ABC Guêpes;Gatsby;oui;inconnu;dofollow;non;non;?;100 % (GPTBot, OAI-SearchBot, ClaudeBot, PerplexityBot, Google-Extended);frelon, frelons, frelon asiatique, guêpe, guêpes, nid de guêpes, désinsectisation, nuisibles;Nord, Paris, Marseille, Orléans;https://allo-frelons.fr/guepes;1 (site);ALLO FRELONS | allo-frelons.fr/guepes | Les guêpes, biologie, les différentes espèces, les solutions | ALLO FRELONS Nord;spot éditorial : lien direct vers le site;liste : « professionnels certifies » | 3 lien(s) vers des sites du métier | liens de la liste : dofollow;;;requete : frelon asiatique liste entreprises destruction nids Île-de-France commune;2026-09-26;2026-09-26;a-traiter;
86;93;99;Contact à prendre;Liste de prestataires;https://www.aisne.com/actualites/lutte-contre-frelon-asiatique-departement-mobilise;aisne.com;Lutte contre le frelon asiatique : le Département mobilisé | Conseil départemental de l'Aisne;Drupal;oui;inconnu;dofollow;non;non;?;100 % (GPTBot, OAI-SearchBot, ClaudeBot, PerplexityBot, Google-Extended);frelon, frelons, frelon asiatique, nid de frelons, nuisibles, abeille, apiculteur;Hauts-de-France;https://allo-frelons.fr/destruction-des-nids-de-guepes-et-frelons-dans-l-aisne-allo-frelons-a-votre-service;1 (site);ALLO FRELONS | allo-frelons.fr/destruction-des-nids-de-guepes-et-frelons-dans-l-aisne-allo-frelons-a-votre-service | ALLO FRELONS Hauts-de-France;spot éditorial : lien direct vers le site;liste : « referent frelon » | 3 lien(s) vers des sites du métier | liens de la liste : dofollow;;;requete : apiculteurs frelon asiatique destruction nid liste professionnels département;2026-09-26;2026-09-26;a-traiter;
86;93;99;Contact à prendre;Liste de prestataires;https://www.frgds-occitanie.fr/Que-faire-en-cas-d-observation-d;frgds-occitanie.fr;Que faire en cas d’observation d’un nid de frelon asiatique ? - FRGDS Occitanie;WordPress;oui;inconnu;dofollow;non;non;?;100 % (GPTBot, OAI-SearchBot, ClaudeBot, PerplexityBot, Google-Extended);frelon, frelons, frelon asiatique, frelon européen, guêpes, désinsectisation, nuisibles, destruction de nid;Tours, Occitanie;https://allo-frelons.fr/nid-frelon-que-faire;1 (site);ALLO FRELONS | allo-frelons.fr/nid-frelon-que-faire | nid frelon que faire | ALLO FRELONS Tours;spot éditorial : lien direct vers le site;liste : « destruction des nids » | 9 lien(s) vers des sites du métier | liens de la liste : dofollow;;;"requete : mairie frelon asiatique ""qui contacter"" liste des entreprises";2026-09-26;2026-09-26;a-traiter;
86;93;99;Contact à prendre;Liste de prestataires;https://www.lavalette83.fr/frelons-asiatiques/;lavalette83.fr;Frelons Asiatiques - Ville de La Valette-du-Var Ville de La Valette-du-Var;WordPress;oui;inconnu;dofollow;non;non;?;100 % (GPTBot, OAI-SearchBot, ClaudeBot, PerplexityBot, Google-Extended);frelon, frelons, frelon asiatique, frelon européen, guêpes, nid de frelons, abeille, abeilles;Provence;https://allo-frelons.fr/entreprise-professionnelle-pour-lutter-contre-les-guepes-et-frelons-dans-le-var-83;1 (site);ALLO FRELONS | allo-frelons.fr/entreprise-professionnelle-pour-lutter-contre-les-guepes-et-frelons-dans-le-var-83 | ALLO FRELONS Provence;spot éditorial : lien direct vers le site;liste : « liste des entreprises » | 7 lien(s) vers des sites du métier | liens de la liste : dofollow;;;"requete : mairie frelon asiatique ""qui contacter"" liste des entreprises";2026-09-26;2026-09-26;a-traiter;
86;93;99;Contact à prendre;Liste de prestataires;https://www.loire.gouv.fr/Actualites/Espace-presse/Communiques-2024/PLAN-DE-LUTTE-CONTRE-LE-FRELON-ASIATIQUE-DANS-LE-DEPARTEMENT-DE-LA-LOIRE;loire.gouv.fr;PLAN DE LUTTE CONTRE LE FRELON ASIATIQUE DANS LE DÉPARTEMENT DE LA LOIRE. - Communiqués 2024 - Espace presse - Actualités - Les services…;;oui;inconnu;dofollow;non;non;?;100 % (GPTBot, OAI-SearchBot, ClaudeBot, PerplexityBot, Google-Extended);frelon, frelons, frelon asiatique, nid de frelons, vespa velutina, abeilles, biodiversité, animaux;Auvergne-Rhône-Alpes;https://allo-frelons.fr/entreprise-destruction-nids-de-guepes-et-frelons-loire-42;1 (site);ALLO FRELONS | allo-frelons.fr/entreprise-destruction-nids-de-guepes-et-frelons-loire-42 | ALLO FRELONS Auvergne-Rhône-Alpes;spot éditorial : lien direct vers le site;liste : « destruction des nids » | 4 lien(s) vers des sites du métier | liens de la liste : dofollow;;;requete : frelon asiatique Pays de la Loire liste entreprises agréées destruction nids;2026-09-26;2026-09-26;a-traiter;
86;93;99;Contact à prendre;Liste de prestataires;https://www.parisestmarnebois.fr/fr/frelons-asiatiques;parisestmarnebois.fr;Frelons asiatiques | Paris Est Marne & Bois;Drupal;oui;inconnu;dofollow;non;non;?;100 % (GPTBot, OAI-SearchBot, ClaudeBot, PerplexityBot, Google-Extended);frelon, frelons, frelon asiatique, guêpes, nid de frelons, abeilles, insectes, biodiversité;Paris, Tours, Île-de-France;https://allo-frelons.fr/entreprise-frelons-guepes-frelon-asiatique-paris-75;1 (site);ALLO FRELONS | allo-frelons.fr/entreprise-frelons-guepes-frelon-asiatique-paris-75 | ALLO FRELONS Paris;spot éditorial : lien direct vers le site;liste : « destruction des nids » | 6 lien(s) vers des sites du métier | liens de la liste : dofollow;;;requete : frelon asiatique liste entreprises destruction nids Île-de-France commune;2026-09-26;2026-09-26;a-traiter;
86;93;99;Contact à prendre;Liste de prestataires;https://www.produit-antinuisible.com/fr/blog/nid-de-frelons-asiatiques-comment-le-reconnaitre-et-quoi-faire--n307;produit-antinuisible.com;Nid de frelons asiatiques : reconnaître et quoi faire;PrestaShop;oui;inconnu;dofollow;non;non;?;100 % (GPTBot, OAI-SearchBot, ClaudeBot, PerplexityBot, Google-Extended);frelon, frelons, frelon asiatique, frelon européen, guêpe, guêpes, nid de frelons, nid de guêpes;Paris;https://allo-frelons.fr/nid-frelon-que-faire;1 (site);ALLO FRELONS | allo-frelons.fr/nid-frelon-que-faire | nid frelon que faire | ALLO FRELONS Paris;spot éditorial : lien direct vers le site;liste : « entreprises agreees » | 7 lien(s) vers des sites du métier | liens de la liste : dofollow;;;lien-interne : produit-antinuisible.com;2026-09-26;2026-09-26;a-traiter;
86;93;99;Contact à prendre;Liste de prestataires;https://www.produit-antinuisible.com/fr/blog/piqure-de-frelon-asiatique-symptomes-dangers-et-quoi-faire-n308;produit-antinuisible.com;Piqûre de frelon asiatique : symptômes et que faire ?;PrestaShop;oui;inconnu;dofollow;non;non;?;100 % (GPTBot, OAI-SearchBot, ClaudeBot, PerplexityBot, Google-Extended);frelon, frelons, frelon asiatique, frelon européen, guêpe, guêpes, nid de frelons, vespa velutina;Paris, Centre-Val de Loire;https://allo-frelons.fr/piqure-frelons-gestes-urgence;1 (site);ALLO FRELONS | allo-frelons.fr/piqure-frelons-gestes-urgence | ALLO FRELONS Paris;spot éditorial : lien direct vers le site;liste : « destruction des nids » | 6 lien(s) vers des sites du métier | liens de la liste : dofollow;;;requete : frelon asiatique piqûre forum témoignages;2026-09-26;2026-09-26;a-traiter;
86;93;99;Contact à prendre;Liste de prestataires;https://www.seine-maritime.gouv.fr/Actions-de-l-Etat/Environnement-et-prevention-des-risques/Lutte-contre-le-frelon-asiatique-en-Seine-Maritime;seine-maritime.gouv.fr;Lutte contre le frelon asiatique en Seine-Maritime - Environnement et prévention des risques - Actions de l'État - Les services de l'État…;;oui;inconnu;dofollow;non;non;?;100 % (GPTBot, OAI-SearchBot, ClaudeBot, PerplexityBot, Google-Extended);frelon, frelons, frelon asiatique, nid de frelons, nuisibles, biodiversité, animaux;Normandie;https://allo-frelons.fr/lutte-efficace-contre-les-nids-de-guepes-et-frelons-en-seine-maritime-76-avec-allo-frelons;1 (site);ALLO FRELONS | allo-frelons.fr/lutte-efficace-contre-les-nids-de-guepes-et-frelons-en-seine-maritime-76-avec-allo-frelons | ALLO FRELONS Normandie;spot éditorial : lien direct vers le site;liste : « liste d'entreprises » | 4 lien(s) vers des sites du métier | liens de la liste : dofollow;;;requete : frelon asiatique liste entreprises destruction nids mairie Normandie;2026-09-26;2026-09-26;a-traiter;
86;93;99;Contact à prendre;Liste de prestataires;https://www.somme.gouv.fr/Actions-de-l-Etat/Securite-et-protection-de-la-population/Securite-civile/Le-frelon-a-pattes-jaunes;somme.gouv.fr;Le frelon à pattes jaunes - Sécurité civile - Sécurité et protection de la population - Actions de l'État - Les services de l'État dans la…;;oui;inconnu;dofollow;non;non;?;100 % (GPTBot, OAI-SearchBot, ClaudeBot, PerplexityBot, Google-Extended);frelon, frelons, frelon asiatique, animaux;Hauts-de-France;https://allo-frelons.fr/bourdon-patte-jaune;1 (site);ALLO FRELONS | allo-frelons.fr/bourdon-patte-jaune | Le bourdon (Bombus terrestris) - ALLO FRELONS | ALLO FRELONS Hauts-de-France;spot éditorial : lien direct vers le site;liste : « liste des professionnels » | 5 lien(s) vers des sites du métier | liens de la liste : dofollow;;;"requete : mairie frelon asiatique ""qui contacter"" liste des entreprises";2026-09-26;2026-09-26;a-traiter;
85;92;98;Contact à prendre;Liste de prestataires;https://www.archeagglo.fr/vivre-ici/environnement/agriculture/les-especes-invasives/;archeagglo.fr;Les espèces invasives;;oui;inconnu;dofollow;non;non;?;100 % (GPTBot, OAI-SearchBot, ClaudeBot, PerplexityBot, Google-Extended);frelon, frelon asiatique, nuisibles, abeilles, nature, biodiversité;Auvergne-Rhône-Alpes;https://allo-frelons.fr/abeilles;1 (site);ALLO FRELONS | allo-frelons.fr/abeilles | ALLO FRELONS Auvergne-Rhône-Alpes;spot éditorial : lien direct vers le site;liste : « destruction des nids » | 4 lien(s) vers des sites du métier | liens de la liste : dofollow;;;requete : frelon asiatique Auvergne-Rhône-Alpes liste entreprises destruction nids commune;2026-09-26;2026-09-26;a-traiter;
84;89;100;Contact à prendre;Liste de prestataires;https://www.frelonasiatique76.fr/entreprises/;frelonasiatique76.fr;FrelonAsiatique76.fr : Entreprises habilitées;;oui;inconnu;inconnu;non;non;?;100 % (GPTBot, OAI-SearchBot, ClaudeBot, PerplexityBot, Google-Extended);frelon, frelons, guêpe, guêpes, désinsectisation, nuisibles, anti-nuisibles, abeille;Paris, Rouen, Normandie;https://allo-frelons.fr/lutte-efficace-contre-les-nids-de-guepes-et-frelons-en-seine-maritime-76-avec-allo-frelons;1 (site);ALLO FRELONS | allo-frelons.fr/lutte-efficace-contre-les-nids-de-guepes-et-frelons-en-seine-maritime-76-avec-allo-frelons | ALLO FRELONS Paris;spot éditorial : lien direct vers le site;cite 1 concurrent(s) : allolaguepe.fr | liste : « liste des intervenants »;;;requete : frelon asiatique liste entreprises destruction nids mairie Normandie;2026-09-26;2026-09-26;a-traiter;
83;80;82;Immédiat (formulaire);Commentaire de blog;https://www.mesdepanneurs.fr/blog/detruire-nid-fourmis;mesdepanneurs.fr;Comment détruire un nid de fourmis efficacement ?| MesDépanneurs.fr;Drupal;oui;inconnu;dofollow;oui;non;?;100 % (GPTBot, OAI-SearchBot, ClaudeBot, PerplexityBot, Google-Extended);frelons, guêpes, nid de frelons, nid de guêpes, désinsectisation, nuisibles, insectes, jardin;Creuse;https://observatoire-biodiversite-npdc.fr/dossiers/que-faire-nid-frelon-asiatique-signalement/;2 (relais);Que faire face à un nid de frelon asiatique ? Signalement et intervention — Observatoire de la biodiversité du Nord–Pas-de-Calais | observatoire-biodiversite-npdc.fr/dossiers/que-faire-nid-frelon-asiatique-signalement | cet article;spot de masse : renforcer une page relais plutôt que le site principal;formulaire de commentaire natif (#comment-form) | champ « site web » dans le formulaire | 7 commentaire(s) déjà publié(s) | liens des commentaires : dofollow | cite 1 concurrent(s) : solution-nuisible.fr;;;lien-interne : mesdepanneurs.fr;2026-09-26;2026-09-26;a-traiter;
80;88;91;Contact à prendre;Liste de prestataires;https://france-nuisibles.fr/les_annuaires.htm;france-nuisibles.fr;20 Annuaires Thématiques de la 3D;;oui;inconnu;dofollow;non;non;?;100 % (GPTBot, OAI-SearchBot, ClaudeBot, PerplexityBot, Google-Extended);frelons, guêpes, nuisibles, abeilles, insectes, jardinage, potager, hyménoptères;;https://allo-frelons.fr/allo-frelons-au-20h-de-france-2;1 (site);ALLO FRELONS | allo-frelons.fr/allo-frelons-au-20h-de-france-2;spot éditorial : lien direct vers le site;liste : « entreprises specialisees » | 4 lien(s) vers des sites du métier | liens de la liste : dofollow;;;lien-interne : france-nuisibles.fr;2026-09-26;2026-09-26;a-traiter;
80;88;91;Contact à prendre;Liste de prestataires;https://france-nuisibles.fr/presentation-des-annuaires.htm;france-nuisibles.fr;Les Annuaires professionnels de la 3D;;oui;inconnu;dofollow;non;non;?;100 % (GPTBot, OAI-SearchBot, ClaudeBot, PerplexityBot, Google-Extended);frelon, frelons, guêpes, désinsectisation, nuisibles, anti-nuisibles, insectes, jardinage;;https://allo-frelons.fr/guepes;1 (site);ALLO FRELONS | allo-frelons.fr/guepes | Les guêpes, biologie, les différentes espèces, les solutions;spot éditorial : lien direct vers le site;liste : « professionnels de la desinsectisation » | 5 lien(s) vers des sites du métier | liens de la liste : dofollow;;;"requete : annuaire ""ajouter votre entreprise"" désinsectisation nuisibles";2026-09-26;2026-09-26;a-traiter;
80;88;91;Contact à prendre;Liste de prestataires;https://www.bruxelles.be/frelons-asiatiques;bruxelles.be;Frelons asiatiques | Ville de Bruxelles;Drupal;oui;inconnu;dofollow;non;non;?;100 % (GPTBot, OAI-SearchBot, ClaudeBot, PerplexityBot, Google-Extended);frelon, frelons, frelon asiatique, frelon européen, guêpe, vespa velutina, abeilles, insectes;;https://allo-frelons.fr/guepes;1 (site);ALLO FRELONS | allo-frelons.fr/guepes | Les guêpes, biologie, les différentes espèces, les solutions;spot éditorial : lien direct vers le site;liste : « liste des desinsectiseurs » | 9 lien(s) vers des sites du métier | liens de la liste : dofollow;;;"relais : ""allo-frelons.fr""";2026-09-26;2026-09-26;a-traiter;
80;87;91;Contact à prendre;Liste de prestataires;https://www.ccvalleedugaron.com/devenez-referent-frelon-asiatique/;ccvalleedugaron.com;Devenez référent frelon asiatique ! - CCVG;WordPress;oui;inconnu;dofollow;non;oui;?;100 % (GPTBot, OAI-SearchBot, ClaudeBot, PerplexityBot, Google-Extended);frelon, frelon asiatique, abeilles, apiculture, insecte, insectes, nature, biodiversité;;https://allo-frelons.fr/abeilles;1 (site);ALLO FRELONS | allo-frelons.fr/abeilles;spot éditorial : lien direct vers le site;liste : « referent frelon » | 4 lien(s) vers des sites du métier | liens de la liste : dofollow | captcha détecté sur la page;;;"requete : ""référent frelon asiatique"" liste";2026-09-26;2026-09-26;a-traiter;
80;88;91;Contact à prendre;Liste de prestataires;https://www.sdis38.fr/107-abeilles-frelons-guepes...-que-faire-en-cas-de-nid.htm;sdis38.fr;Abeilles, frelons guêpes... que faire en cas de nid ? - Service Départemental d'Incendie et de Secours;;oui;inconnu;dofollow;non;non;?;100 % (GPTBot, OAI-SearchBot, ClaudeBot, PerplexityBot, Google-Extended);frelon, frelons, frelon asiatique, guêpes, nid de frelons, vespa velutina, abeilles, apiculteur;;https://allo-frelons.fr/destruction-traitement-nids-guepes-frelons-isere-38;1 (site);ALLO FRELONS | allo-frelons.fr/destruction-traitement-nids-guepes-frelons-isere-38;spot éditorial : lien direct vers le site;liste : « que faire en cas de nid » | 3 lien(s) vers des sites du métier | liens de la liste : dofollow;;;requete : apiculteurs frelon asiatique destruction nid liste professionnels département;2026-09-26;2026-09-26;a-traiter;
79;88;86;Contact à prendre;Liste de prestataires;https://frelons-asiatiques.fr/partenaires;frelons-asiatiques.fr;Site Partenaires;;oui;inconnu;dofollow;non;non;?;100 % (GPTBot, OAI-SearchBot, ClaudeBot, PerplexityBot, Google-Extended);frelon, frelons, frelon asiatique, guêpes, nuisibles, dératisation;;https://allo-frelons.fr/guepes;1 (site);ALLO FRELONS | allo-frelons.fr/guepes | Les guêpes, biologie, les différentes espèces, les solutions;spot éditorial : lien direct vers le site;page de liens (45 liens externes) | liens de la page : dofollow | 4 lien(s) vers des sites du métier | liens de la liste : dofollow;;;utile : page-liens;2026-09-26;2026-09-26;a-traiter;
79;88;86;Contact à prendre;Liste de prestataires;https://guepes.fr/partenaires;guepes.fr;Site Partenaires;;oui;inconnu;dofollow;non;non;?;100 % (GPTBot, OAI-SearchBot, ClaudeBot, PerplexityBot, Google-Extended);frelon, frelons, frelon asiatique, frelon européen, guêpe, guêpes, nid de guêpes, nuisibles;;https://allo-frelons.fr/guepes;1 (site);ALLO FRELONS | allo-frelons.fr/guepes | Les guêpes, biologie, les différentes espèces, les solutions;spot éditorial : lien direct vers le site;page de liens (45 liens externes) | liens de la page : dofollow | 4 lien(s) vers des sites du métier | liens de la liste : dofollow;;;utile : page-liens;2026-09-26;2026-09-26;a-traiter;
77;75;74;Immédiat (formulaire);Commentaire de blog;https://www.mesdepanneurs.fr/blog/comment-detruire-un-nid-de-guepes;mesdepanneurs.fr;Comment détruire un nid de guêpes ? Le protocole complet pour agir en toute sécurité !| MesDépanneurs.fr;Drupal;oui;inconnu;dofollow;oui;non;?;100 % (GPTBot, OAI-SearchBot, ClaudeBot, PerplexityBot, Google-Extended);frelon, frelons, frelon asiatique, frelon européen, guêpe, guêpes, nid de frelons, nid de guêpes;;https://observatoire-biodiversite-npdc.fr/dossiers/que-faire-nid-frelon-asiatique-signalement/;2 (relais);Que faire face à un nid de frelon asiatique ? Signalement et intervention — Observatoire de la biodiversité du Nord–Pas-de-Calais | observatoire-biodiversite-npdc.fr/dossiers/que-faire-nid-frelon-asiatique-signalement | cet article;spot de masse : renforcer une page relais plutôt que le site principal;formulaire de commentaire natif (#comment-form) | champ « site web » dans le formulaire | 7 commentaire(s) déjà publié(s) | liens des commentaires : dofollow | cite 1 concurrent(s) : solution-nuisible.fr;;;lien-interne : mesdepanneurs.fr;2026-09-26;2026-09-26;a-traiter;
77;75;74;Immédiat (formulaire);Commentaire de blog;https://www.mesdepanneurs.fr/blog/comment-se-debarrasser-des-guepes;mesdepanneurs.fr;Comment se débarrasser des guêpes : les bonnes méthodes selon votre situation| MesDépanneurs.fr;Drupal;oui;inconnu;dofollow;oui;non;?;100 % (GPTBot, OAI-SearchBot, ClaudeBot, PerplexityBot, Google-Extended);frelon, frelons, frelon asiatique, guêpe, guêpes, nid de frelons, nid de guêpes, nuisibles;;https://www.entreprisenettoyageparis.fr/top-3-entreprises-destruction-nids-de-guepes-et-frelons-a-paris/;2 (relais);Top 3 des entreprises de destruction nids de guêpes et frelons à Paris | www.entreprisenettoyageparis.fr/top-3-entreprises-destruction-nids-de-guepes-et-frelons-a-paris | cet article;spot de masse : renforcer une page relais plutôt que le site principal;formulaire de commentaire natif (#comment-form) | champ « site web » dans le formulaire | 7 commentaire(s) déjà publié(s) | liens des commentaires : dofollow | cite 1 concurrent(s) : solution-nuisible.fr;;;lien-interne : mesdepanneurs.fr;2026-09-26;2026-09-26;a-traiter;
77;92;76;Contact à prendre;Liste de prestataires;https://www.gabi77.org/le-g-a-b-i/les-parrains-et-frerent-frelon;gabi77.org;Les parrains et référents frelon;Joomla;oui;inconnu;dofollow;non;non;?;6 % (Google-Extended);frelon, frelon asiatique, maison;Île-de-France;https://allo-frelons.fr/entreprise-frelons-guepes-frelon-asiatique-seine-et-marne-77;1 (site);ALLO FRELONS | allo-frelons.fr/entreprise-frelons-guepes-frelon-asiatique-seine-et-marne-77 | ALLO FRELONS Île-de-France;spot éditorial : lien direct vers le site;liste : « referent frelon » | 1 lien(s) vers des sites du métier | liens de la liste : dofollow;;;lien-externe : depuis syndicatapicolesudaisne.com;2026-09-26;2026-09-26;a-traiter;
76;71;91;Inscription requise;Forum;https://forum-apiculture.forumactif.org/t2988-materiel-pour-la-lutte-contre-le-frelon-asiatique;forum-apiculture.forumactif.org;Matériel pour la lutte contre le frelon asiatique;Canalblog;oui;inconnu;dofollow;non;non;?;83 % (GPTBot, OAI-SearchBot, ClaudeBot, PerplexityBot, Google-Extended);frelon, frelon asiatique, nuisibles, abeilles, apiculture, ruche, pollinisateurs;Aveyron;https://allo-frelons.fr/abeilles;1 (site);ALLO FRELONS | allo-frelons.fr/abeilles | ALLO FRELONS Aveyron;score SEO 71 ≥ 60, liens dofollow;structure de forum (sujets, inscription) | liens dans les messages : dofollow;;https://forum-apiculture.forumactif.org/register;lien-interne : forum-apiculture.forumactif.org;2026-09-26;2026-09-26;a-traiter;
76;71;91;Inscription requise;Forum;https://forum-apiculture.forumactif.org/t762-frelon-asiatique;forum-apiculture.forumactif.org;frelon asiatique;Canalblog;oui;inconnu;dofollow;non;non;?;83 % (GPTBot, OAI-SearchBot, ClaudeBot, PerplexityBot, Google-Extended);frelon, frelons, frelon asiatique, guêpes, abeille, abeilles, apiculture, ruche;Toulouse;https://allo-frelons.fr/guepes;1 (site);ALLO FRELONS | allo-frelons.fr/guepes | Les guêpes, biologie, les différentes espèces, les solutions | ALLO FRELONS Toulouse;score SEO 71 ≥ 60, liens dofollow;structure de forum (sujets, inscription) | liens dans les messages : dofollow;;https://forum-apiculture.forumactif.org/register;requete : forum apiculture frelon asiatique piège ruches;2026-09-26;2026-09-26;a-traiter;
76;69;95;Inscription requise;Questions / réponses;https://www.vienne-condrieu-agglomeration.fr/valoriser-et-preserver/biodiversite/la-lutte-contre-les-especes-invasives/le-frelon-asiatique;vienne-condrieu-agglomeration.fr;Le frelon asiatique;TYPO3;oui;inconnu;dofollow;non;non;?;100 % (GPTBot, OAI-SearchBot, ClaudeBot, PerplexityBot, Google-Extended);frelon, frelons, frelon asiatique, frelon européen, guêpe, nid de frelons, vespa velutina, abeilles;Auvergne-Rhône-Alpes;https://allo-frelons.fr/guepes;1 (site);ALLO FRELONS | allo-frelons.fr/guepes | Les guêpes, biologie, les différentes espèces, les solutions | ALLO FRELONS Auvergne-Rhône-Alpes;score SEO 69 ≥ 60, liens dofollow;questions/réponses : « poser une question »;;;requete : frelon asiatique Auvergne-Rhône-Alpes liste entreprises destruction nids commune;2026-09-26;2026-09-26;a-traiter;
75;70;90;Inscription requise;Forum;https://forum-apiculture.forumactif.org/t2972-intoxication-maladie-abeilles-suicidaires;forum-apiculture.forumactif.org;Intoxication, maladie, abeilles suicidaires ????;Canalblog;oui;inconnu;dofollow;non;non;?;83 % (GPTBot, OAI-SearchBot, ClaudeBot, PerplexityBot, Google-Extended);frelon, frelon asiatique, abeilles, apiculture, ruche, jardin, nature, maison;Gironde;https://allo-frelons.fr/abeilles;1 (site);ALLO FRELONS | allo-frelons.fr/abeilles | ALLO FRELONS Gironde;score SEO 70 ≥ 60, liens dofollow;structure de forum (sujets, inscription) | liens dans les messages : dofollow;;https://forum-apiculture.forumactif.org/register;lien-interne : forum-apiculture.forumactif.org;2026-09-26;2026-09-26;a-traiter;
75;84;83;Contact à prendre;Liste de prestataires;https://deratisation.info/partenaires;deratisation.info;Site Partenaires;;oui;inconnu;dofollow;non;non;?;100 % (GPTBot, OAI-SearchBot, ClaudeBot, PerplexityBot, Google-Extended);frelon, frelon asiatique, guêpes, nuisibles, dératisation;;https://allo-frelons.fr/guepes;1 (site);ALLO FRELONS | allo-frelons.fr/guepes | Les guêpes, biologie, les différentes espèces, les solutions;spot éditorial : lien direct vers le site;page de liens (45 liens externes) | liens de la page : dofollow | 4 lien(s) vers des sites du métier | liens de la liste : dofollow;;;utile : page-liens;2026-09-26;2026-09-26;a-traiter;
73;68;88;Inscription requise;Forum;https://forum-apiculture.forumactif.org/t2834p25-fabrication-daube-ruche-kenyane;forum-apiculture.forumactif.org;Fabrication daube ruche kenyane - Page 2;Canalblog;oui;inconnu;dofollow;non;non;?;83 % (GPTBot, OAI-SearchBot, ClaudeBot, PerplexityBot, Google-Extended);frelon, frelon asiatique, abeille, abeilles, apiculture, apiculteur, ruche, pollinisateurs;Mayenne;https://allo-frelons.fr/abeilles;1 (site);ALLO FRELONS | allo-frelons.fr/abeilles | ALLO FRELONS Mayenne;score SEO 68 ≥ 60, liens dofollow;structure de forum (sujets, inscription) | liens dans les messages : dofollow;;https://forum-apiculture.forumactif.org/register;lien-interne : forum-apiculture.forumactif.org;2026-09-26;2026-09-26;a-traiter;
73;81;81;Contact à prendre;Liste de prestataires;https://cafards.fr/partenaires;cafards.fr;Site Partenaires;;oui;inconnu;dofollow;non;non;?;100 % (GPTBot, OAI-SearchBot, ClaudeBot, PerplexityBot, Google-Extended);frelon, frelon asiatique, guêpes, nuisibles, dératisation;;https://allo-frelons.fr/guepes;1 (site);ALLO FRELONS | allo-frelons.fr/guepes | Les guêpes, biologie, les différentes espèces, les solutions;spot éditorial : lien direct vers le site;page de liens (45 liens externes) | liens de la page : dofollow | 5 lien(s) vers des sites du métier | liens de la liste : dofollow;;;utile : page-liens;2026-09-26;2026-09-26;a-traiter;
73;81;81;Contact à prendre;Liste de prestataires;https://capricorne-info.com/partenaires;capricorne-info.com;Site Partenaires;;oui;inconnu;dofollow;non;non;?;100 % (GPTBot, OAI-SearchBot, ClaudeBot, PerplexityBot, Google-Extended);frelon, frelon asiatique, guêpes, nuisibles, dératisation;;https://allo-frelons.fr/guepes;1 (site);ALLO FRELONS | allo-frelons.fr/guepes | Les guêpes, biologie, les différentes espèces, les solutions;spot éditorial : lien direct vers le site;page de liens (45 liens externes) | liens de la page : dofollow | 5 lien(s) vers des sites du métier | liens de la liste : dofollow;;;utile : page-liens;2026-09-26;2026-09-26;a-traiter;
73;81;81;Contact à prendre;Liste de prestataires;https://charancon.com/partenaires;charancon.com;Site Partenaires;;oui;inconnu;dofollow;non;non;?;100 % (GPTBot, OAI-SearchBot, ClaudeBot, PerplexityBot, Google-Extended);frelon, frelon asiatique, guêpes, nuisibles, dératisation;;https://allo-frelons.fr/guepes;1 (site);ALLO FRELONS | allo-frelons.fr/guepes | Les guêpes, biologie, les différentes espèces, les solutions;spot éditorial : lien direct vers le site;page de liens (45 liens externes) | liens de la page : dofollow | 5 lien(s) vers des sites du métier | liens de la liste : dofollow;;;utile : page-liens;2026-09-26;2026-09-26;a-traiter;
73;81;81;Contact à prendre;Liste de prestataires;https://chenilles-processionnaires.fr/partenaires;chenilles-processionnaires.fr;Site Partenaires;;oui;inconnu;dofollow;non;non;?;100 % (GPTBot, OAI-SearchBot, ClaudeBot, PerplexityBot, Google-Extended);frelon, frelon asiatique, guêpes, nuisibles, dératisation;;https://allo-frelons.fr/guepes;1 (site);ALLO FRELONS | allo-frelons.fr/guepes | Les guêpes, biologie, les différentes espèces, les solutions;spot éditorial : lien direct vers le site;page de liens (45 liens externes) | liens de la page : dofollow | 5 lien(s) vers des sites du métier | liens de la liste : dofollow;;;utile : page-liens;2026-09-26;2026-09-26;a-traiter;
73;81;81;Contact à prendre;Liste de prestataires;https://desinfection-3d.fr/partenaires;desinfection-3d.fr;Site Partenaires;;oui;inconnu;dofollow;non;non;?;100 % (GPTBot, OAI-SearchBot, ClaudeBot, PerplexityBot, Google-Extended);frelon, frelon asiatique, guêpes, nuisibles, dératisation;;https://allo-frelons.fr/guepes;1 (site);ALLO FRELONS | allo-frelons.fr/guepes | Les guêpes, biologie, les différentes espèces, les solutions;spot éditorial : lien direct vers le site;page de liens (45 liens externes) | liens de la page : dofollow | 4 lien(s) vers des sites du métier | liens de la liste : dofollow;;;utile : page-liens;2026-09-26;2026-09-26;a-traiter;
73;81;81;Contact à prendre;Liste de prestataires;https://fouines.net/partenaires;fouines.net;Site Partenaires;;oui;inconnu;dofollow;non;non;?;100 % (GPTBot, OAI-SearchBot, ClaudeBot, PerplexityBot, Google-Extended);frelon, frelon asiatique, guêpes, nuisibles, dératisation;;https://allo-frelons.fr/guepes;1 (site);ALLO FRELONS | allo-frelons.fr/guepes | Les guêpes, biologie, les différentes espèces, les solutions;spot éditorial : lien direct vers le site;page de liens (45 liens externes) | liens de la page : dofollow | 5 lien(s) vers des sites du métier | liens de la liste : dofollow;;;utile : page-liens;2026-09-26;2026-09-26;a-traiter;
73;81;81;Contact à prendre;Liste de prestataires;https://france-mites.fr/partenaires;france-mites.fr;Site Partenaires;;oui;inconnu;dofollow;non;non;?;100 % (GPTBot, OAI-SearchBot, ClaudeBot, PerplexityBot, Google-Extended);frelon, frelon asiatique, guêpes, nuisibles, dératisation;;https://allo-frelons.fr/guepes;1 (site);ALLO FRELONS | allo-frelons.fr/guepes | Les guêpes, biologie, les différentes espèces, les solutions;spot éditorial : lien direct vers le site;page de liens (45 liens externes) | liens de la page : dofollow | 5 lien(s) vers des sites du métier | liens de la liste : dofollow;;;utile : page-liens;2026-09-26;2026-09-26;a-traiter;
73;81;81;Contact à prendre;Liste de prestataires;https://france-pigeon.fr/partenaires;france-pigeon.fr;Site Partenaires;;oui;inconnu;dofollow;non;non;?;100 % (GPTBot, OAI-SearchBot, ClaudeBot, PerplexityBot, Google-Extended);frelon, frelon asiatique, guêpes, nuisibles, dératisation;;https://allo-frelons.fr/guepes;1 (site);ALLO FRELONS | allo-frelons.fr/guepes | Les guêpes, biologie, les différentes espèces, les solutions;spot éditorial : lien direct vers le site;page de liens (45 liens externes) | liens de la page : dofollow | 5 lien(s) vers des sites du métier | liens de la liste : dofollow;;;utile : page-liens;2026-09-26;2026-09-26;a-traiter;
73;81;81;Contact à prendre;Liste de prestataires;https://merule-info.com/partenaires;merule-info.com;Site Partenaires;;oui;inconnu;dofollow;non;non;?;100 % (GPTBot, OAI-SearchBot, ClaudeBot, PerplexityBot, Google-Extended);frelon, frelon asiatique, guêpes, nuisibles, dératisation;;https://allo-frelons.fr/guepes;1 (site);ALLO FRELONS | allo-frelons.fr/guepes | Les guêpes, biologie, les différentes espèces, les solutions;spot éditorial : lien direct vers le site;page de liens (45 liens externes) | liens de la page : dofollow | 5 lien(s) vers des sites du métier | liens de la liste : dofollow;;;utile : page-liens;2026-09-26;2026-09-26;a-traiter;
73;81;81;Contact à prendre;Liste de prestataires;https://moustiques.fr/partenaires;moustiques.fr;Site Partenaires;;oui;inconnu;dofollow;non;non;?;100 % (GPTBot, OAI-SearchBot, ClaudeBot, PerplexityBot, Google-Extended);frelon, frelon asiatique, guêpes, nuisibles, dératisation;;https://allo-frelons.fr/guepes;1 (site);ALLO FRELONS | allo-frelons.fr/guepes | Les guêpes, biologie, les différentes espèces, les solutions;spot éditorial : lien direct vers le site;page de liens (45 liens externes) | liens de la page : dofollow | 5 lien(s) vers des sites du métier | liens de la liste : dofollow;;;utile : page-liens;2026-09-26;2026-09-26;a-traiter;
73;81;81;Contact à prendre;Liste de prestataires;https://papillon-du-palmier.com/partenaires;papillon-du-palmier.com;Site Partenaires;;oui;inconnu;dofollow;non;non;?;100 % (GPTBot, OAI-SearchBot, ClaudeBot, PerplexityBot, Google-Extended);frelon, frelon asiatique, guêpes, nuisibles, dératisation;;https://allo-frelons.fr/guepes;1 (site);ALLO FRELONS | allo-frelons.fr/guepes | Les guêpes, biologie, les différentes espèces, les solutions;spot éditorial : lien direct vers le site;page de liens (45 liens externes) | liens de la page : dofollow | 5 lien(s) vers des sites du métier | liens de la liste : dofollow;;;utile : page-liens;2026-09-26;2026-09-26;a-traiter;
72;67;87;Inscription requise;Forum;https://forum-apiculture.forumactif.org/t2970-abreuvoir;forum-apiculture.forumactif.org;Abreuvoir;Canalblog;oui;inconnu;dofollow;non;non;?;83 % (GPTBot, OAI-SearchBot, ClaudeBot, PerplexityBot, Google-Extended);frelon, frelon asiatique, guêpes, abeille, abeilles, apiculture, apiculteur, ruche;Creuse;https://allo-frelons.fr/guepes;1 (site);ALLO FRELONS | allo-frelons.fr/guepes | Les guêpes, biologie, les différentes espèces, les solutions | ALLO FRELONS Creuse;score SEO 67 ≥ 60, liens dofollow;structure de forum (sujets, inscription) | liens dans les messages : dofollow;;https://forum-apiculture.forumactif.org/register;lien-interne : forum-apiculture.forumactif.org;2026-09-26;2026-09-26;a-traiter;
71;67;68;Immédiat (formulaire);Commentaire de blog;https://www.mesdepanneurs.fr/blog/comment-eloigner-guepes-piscine;mesdepanneurs.fr;Comment éloigner les guêpes de la piscine ?| MesDépanneurs.fr;Drupal;oui;inconnu;dofollow;oui;non;?;100 % (GPTBot, OAI-SearchBot, ClaudeBot, PerplexityBot, Google-Extended);guêpe, guêpes, nid de guêpes, désinsectisation, nuisibles, insectes, piqûre, jardin;;https://www.entreprisenettoyageparis.fr/top-3-entreprises-destruction-nids-de-guepes-et-frelons-a-paris/;2 (relais);Top 3 des entreprises de destruction nids de guêpes et frelons à Paris | www.entreprisenettoyageparis.fr/top-3-entreprises-destruction-nids-de-guepes-et-frelons-a-paris | cet article;spot de masse : renforcer une page relais plutôt que le site principal;formulaire de commentaire natif (#comment-form) | champ « site web » dans le formulaire | 7 commentaire(s) déjà publié(s) | liens des commentaires : dofollow;;;lien-interne : mesdepanneurs.fr;2026-09-26;2026-09-26;a-traiter;
71;67;68;Immédiat (formulaire);Commentaire de blog;https://www.mesdepanneurs.fr/blog/comment-eloigner-les-guepes;mesdepanneurs.fr;Comment éloigner les guêpes ? 7 répulsifs validés par la science| MesDépanneurs.fr;Drupal;oui;inconnu;dofollow;oui;non;?;100 % (GPTBot, OAI-SearchBot, ClaudeBot, PerplexityBot, Google-Extended);frelons, guêpe, guêpes, nid de frelons, nid de guêpes, nuisibles, abeilles, insectes;;https://www.entreprisenettoyageparis.fr/top-3-entreprises-destruction-nids-de-guepes-et-frelons-a-paris/;2 (relais);Top 3 des entreprises de destruction nids de guêpes et frelons à Paris | www.entreprisenettoyageparis.fr/top-3-entreprises-destruction-nids-de-guepes-et-frelons-a-paris | cet article;spot de masse : renforcer une page relais plutôt que le site principal;formulaire de commentaire natif (#comment-form) | champ « site web » dans le formulaire | 7 commentaire(s) déjà publié(s) | liens des commentaires : dofollow;;;lien-interne : mesdepanneurs.fr;2026-09-26;2026-09-26;a-traiter;
71;67;68;Immédiat (formulaire);Commentaire de blog;https://www.mesdepanneurs.fr/blog/nid-guepes-que-faire;mesdepanneurs.fr;J'ai découvert un nid de guêpe dans le toit, comment réagir ?| MesDépanneurs.fr;Drupal;oui;inconnu;dofollow;oui;non;?;100 % (GPTBot, OAI-SearchBot, ClaudeBot, PerplexityBot, Google-Extended);frelons, guêpe, guêpes, nid de guêpes, désinsectisation, nuisibles;;https://observatoire-biodiversite-npdc.fr/dossiers/que-faire-nid-frelon-asiatique-signalement/;2 (relais);Que faire face à un nid de frelon asiatique ? Signalement et intervention — Observatoire de la biodiversité du Nord–Pas-de-Calais | observatoire-biodiversite-npdc.fr/dossiers/que-faire-nid-frelon-asiatique-signalement | cet article;spot de masse : renforcer une page relais plutôt que le site principal;formulaire de commentaire natif (#comment-form) | champ « site web » dans le formulaire | 7 commentaire(s) déjà publié(s) | liens des commentaires : dofollow;;;requete : forum jardinage guêpes nid toiture que faire;2026-09-26;2026-09-26;a-traiter;
71;67;68;Immédiat (formulaire);Commentaire de blog;https://www.mesdepanneurs.fr/blog/repulsifs-naturels-moustiques;mesdepanneurs.fr;Comment éloigner les moustiques ? 6 répulsifs naturels| MesDépanneurs.fr;Drupal;oui;inconnu;dofollow;oui;non;?;100 % (GPTBot, OAI-SearchBot, ClaudeBot, PerplexityBot, Google-Extended);guêpes, nid de guêpes, nuisibles, insectes, jardin, jardinage, maison;;https://observatoire-biodiversite-npdc.fr/especes/frelon-asiatique/;2 (relais);Frelon asiatique (Vespa velutina nigrithorax) — Observatoire de la biodiversité du Nord–Pas-de-Calais | observatoire-biodiversite-npdc.fr/especes/frelon-asiatique | cet article;spot de masse : renforcer une page relais plutôt que le site principal;formulaire de commentaire natif (#comment-form) | champ « site web » dans le formulaire | 8 commentaire(s) déjà publié(s) | liens des commentaires : dofollow;;;lien-interne : mesdepanneurs.fr;2026-09-26;2026-09-26;a-traiter;
71;66;86;Inscription requise;Forum;https://forum-apiculture.forumactif.org/t2982-decouverte-d-un-rucher-tronc-presque-bicentenaire-en-cevennes;forum-apiculture.forumactif.org;Découverte d'un rucher tronc presque bicentenaire en Cévennes;Canalblog;oui;inconnu;dofollow;non;non;?;83 % (GPTBot, OAI-SearchBot, ClaudeBot, PerplexityBot, Google-Extended);frelon, frelon asiatique, abeille, abeilles, apiculture, apiculteur, ruche, jardin;Jura, Lozère;https://allo-frelons.fr/abeilles;1 (site);ALLO FRELONS | allo-frelons.fr/abeilles | ALLO FRELONS Jura;score SEO 66 ≥ 60, liens dofollow;structure de forum (sujets, inscription) | liens dans les messages : dofollow;;https://forum-apiculture.forumactif.org/register;lien-interne : forum-apiculture.forumactif.org;2026-09-26;2026-09-26;a-traiter;
71;64;87;Inscription requise;Questions / réponses;https://www.saintbrice95.fr/cadre-de-vie/environnement/frelons-asiatiques-1137.html;saintbrice95.fr;Frelons asiatiques;TYPO3;oui;inconnu;dofollow;non;non;?;100 % (GPTBot, OAI-SearchBot, ClaudeBot, PerplexityBot, Google-Extended);frelon, frelons, frelon asiatique, frelon européen, guêpe, guêpes, nid de frelons, désinsectisation;;https://allo-frelons.fr/elimination-des-nids-de-guepes-et-frelons-dans-le-val-doise-95;1 (site);ALLO FRELONS | allo-frelons.fr/elimination-des-nids-de-guepes-et-frelons-dans-le-val-doise-95;score SEO 64 ≥ 60, liens dofollow;questions/réponses : « poser une question »;;;requete : liste désinsectiseurs frelon asiatique entreprises agréées destruction nids;2026-09-26;2026-09-26;a-traiter;
70;60;76;Immédiat (formulaire);Commentaire de blog;https://solution-nuisible.fr/guides-conseils/frelons/nid-de-frelon/;solution-nuisible.fr;Nid de frelon : Construction, forme, taille, mesures à prendre;WordPress;oui;inconnu;inconnu;oui;non;?;100 % (GPTBot, OAI-SearchBot, ClaudeBot, PerplexityBot, Google-Extended);frelon, frelons, frelon asiatique, frelon européen, guêpe, guêpes, nid de frelons, nid de guêpes;Lille, Hauts-de-France, Paris, Lyon;https://observatoire-biodiversite-npdc.fr/dossiers/que-faire-nid-frelon-asiatique-signalement/;2 (relais);Que faire face à un nid de frelon asiatique ? Signalement et intervention — Observatoire de la biodiversité du Nord–Pas-de-Calais | observatoire-biodiversite-npdc.fr/dossiers/que-faire-nid-frelon-asiatique-signalement | cet article;spot de masse : renforcer une page relais plutôt que le site principal;formulaire de commentaire natif (#commentform) | champ « site web » dans le formulaire | 8 commentaire(s) déjà publié(s);https://solution-nuisible.fr/guides-conseils/frelons/nid-de-frelon/;;"requete : nid de frelons ""laisser un commentaire"" blog";2026-09-26;2026-09-26;a-traiter;
70;64;84;Inscription requise;Forum;https://forum-apiculture.forumactif.org/t2973-jolie-photo;forum-apiculture.forumactif.org;Jolie photo;Canalblog;oui;inconnu;dofollow;non;non;?;83 % (GPTBot, OAI-SearchBot, ClaudeBot, PerplexityBot, Google-Extended);frelon, frelon asiatique, abeille, abeilles, apiculture, ruche, jardin, pollinisateurs;Lyon, Mayenne;https://allo-frelons.fr/abeilles;1 (site);ALLO FRELONS | allo-frelons.fr/abeilles | ALLO FRELONS Lyon;score SEO 64 ≥ 60, liens dofollow;structure de forum (sujets, inscription) | liens dans les messages : dofollow;;https://forum-apiculture.forumactif.org/register;lien-interne : forum-apiculture.forumactif.org;2026-09-26;2026-09-26;a-traiter;
70;66;83;Inscription requise;Forum;https://freelons.fr/ressources/sujet/50-concurrence-inter-gynes-l-approche-de-freelons.html;freelons.fr;Concurrence inter-gynes : l'approche de Freelons;WordPress;oui;inconnu;dofollow;non;non;?;100 % (GPTBot, OAI-SearchBot, ClaudeBot, PerplexityBot, Google-Extended);frelon, frelons, frelon asiatique, guêpes, apiculteur;;https://allo-frelons.fr/guepes;1 (site);ALLO FRELONS | allo-frelons.fr/guepes | Les guêpes, biologie, les différentes espèces, les solutions;score SEO 66 ≥ 60, liens dofollow;structure de forum (sujets, inscription) | liens dans les messages : dofollow;;https://freelons.fr/content/9-inscription-organisateur;utile : page-liens;2026-09-26;2026-09-26;a-traiter;
70;66;83;Inscription requise;Forum;https://guepes-frelons.forumgratuit.org/portal;guepes-frelons.forumgratuit.org;Guêpes et Frelons - Le Forum - Portail;e-monsite;oui;inconnu;dofollow;non;non;?;83 % (GPTBot, OAI-SearchBot, ClaudeBot, PerplexityBot, Google-Extended);frelon, frelons, frelon asiatique, frelon européen, guêpe, guêpes, nid de frelons, nid de guêpes;;https://allo-frelons.fr/guepes;1 (site);ALLO FRELONS | allo-frelons.fr/guepes | Les guêpes, biologie, les différentes espèces, les solutions;score SEO 66 ≥ 60, liens dofollow;structure de forum (sujets, inscription) | liens dans les messages : dofollow;;https://guepes-frelons.forumgratuit.org/register;lien-interne : guepes-frelons.forumgratuit.org;2026-09-26;2026-09-26;a-traiter;
70;80;74;Contact à prendre;Mention sans lien;https://www.allofrelons27.fr/;allofrelons27.fr;Allo Frelons - Hygiène - Anti-nuisibles 27 - Dératisation & Désinsectisation Rapide et Efficace;;oui;inconnu;inconnu;non;non;?;100 % (GPTBot, OAI-SearchBot, ClaudeBot, PerplexityBot, Google-Extended);frelons, désinsectisation, nuisibles, anti-nuisibles, dératisation;;https://allo-frelons.fr/allofrelons27;1 (site);ALLO FRELONS | allo-frelons.fr/allofrelons27;spot éditorial : lien direct vers le site;mention sans lien : « allo frelons »;;;"relais : ""allo frelons"" -site:allo-frelons.fr";2026-09-26;2026-09-26;a-traiter;
69;59;91;Inscription requise;Forum;https://freelons.fr/;freelons.fr;Piégeage de printemps du frelon asiatique et pièges sélectifs;PrestaShop;oui;inconnu;inconnu;non;non;?;100 % (GPTBot, OAI-SearchBot, ClaudeBot, PerplexityBot, Google-Extended);frelon, frelons, frelon asiatique, abeilles, apiculteur, insecte, biodiversité;Lyon, Toulouse;https://observatoire-biodiversite-npdc.fr/especes/frelon-asiatique/;2 (relais);Frelon asiatique (Vespa velutina nigrithorax) — Observatoire de la biodiversité du Nord–Pas-de-Calais | observatoire-biodiversite-npdc.fr/especes/frelon-asiatique | cet article;score SEO 59 < 60;structure de forum (sujets, inscription);;https://freelons.fr/content/9-inscription-organisateur;graine;2026-09-26;2026-09-26;a-traiter;
69;64;81;Inscription requise;Forum;https://freelons.fr/ressources/sujet/60-le-piege-ima-gyne-disponible-en-telechargement-3d-.html;freelons.fr;Le piège IMA'Gyne disponible en téléchargement 3D !;PrestaShop;oui;inconnu;dofollow;non;non;?;100 % (GPTBot, OAI-SearchBot, ClaudeBot, PerplexityBot, Google-Extended);frelon, frelons, frelon asiatique, apiculteur, bricolage;;https://allo-frelons.fr/frelon-asiatique;1 (site);ALLO FRELONS | allo-frelons.fr/frelon-asiatique | Frelon Asiatique : Identifier, Lutter & Protéger vos Ruches;score SEO 64 ≥ 60, liens dofollow;structure de forum (sujets, inscription) | liens dans les messages : dofollow;;https://freelons.fr/content/9-inscription-organisateur;utile : page-liens;2026-09-26;2026-09-26;a-traiter;
69;59;91;Inscription requise;Forum;https://guepes-frelons.forumgratuit.org/f14-questions-sur-le-nid;guepes-frelons.forumgratuit.org;Questions sur le nid;e-monsite;oui;inconnu;inconnu;non;non;?;83 % (GPTBot, OAI-SearchBot, ClaudeBot, PerplexityBot, Google-Extended);frelon, frelons, frelon asiatique, frelon européen, guêpe, guêpes, nid de frelons, nid de guêpes;Côtes-d'Armor;https://observatoire-biodiversite-npdc.fr/dossiers/que-faire-nid-frelon-asiatique-signalement/;2 (relais);Que faire face à un nid de frelon asiatique ? Signalement et intervention — Observatoire de la biodiversité du Nord–Pas-de-Calais | observatoire-biodiversite-npdc.fr/dossiers/que-faire-nid-frelon-asiatique-signalement | cet article;score SEO 59 < 60;structure de forum (sujets, inscription);;https://guepes-frelons.forumgratuit.org/register;lien-interne : guepes-frelons.forumgratuit.org;2026-09-26;2026-09-26;a-traiter;
69;59;91;Inscription requise;Forum;https://guepes-frelons.forumgratuit.org/f7-questions-diverses-sur-le-frelon-asiatique;guepes-frelons.forumgratuit.org;Questions diverses sur le frelon asiatique;e-monsite;oui;inconnu;inconnu;non;non;?;83 % (GPTBot, OAI-SearchBot, ClaudeBot, PerplexityBot, Google-Extended);frelon, frelons, frelon asiatique, guêpes, nid de frelons, nid de guêpes, vespa velutina, abeille;Normandie;https://observatoire-biodiversite-npdc.fr/especes/frelon-asiatique/;2 (relais);Frelon asiatique (Vespa velutina nigrithorax) — Observatoire de la biodiversité du Nord–Pas-de-Calais | observatoire-biodiversite-npdc.fr/especes/frelon-asiatique | cet article;score SEO 59 < 60;structure de forum (sujets, inscription);;https://guepes-frelons.forumgratuit.org/register;lien-interne : guepes-frelons.forumgratuit.org;2026-09-26;2026-09-26;a-traiter;
69;59;91;Inscription requise;Forum;https://guepes-frelons.forumgratuit.org/t367-efficacite-des-filets-anti-frelons-besoin-d-avis;guepes-frelons.forumgratuit.org;efficacité des filets Anti-Frelons ? besoin d'avis;e-monsite;oui;inconnu;inconnu;non;non;?;83 % (GPTBot, OAI-SearchBot, ClaudeBot, PerplexityBot, Google-Extended);frelon, frelons, frelon asiatique, frelon européen, guêpes, nid de frelons, nid de guêpes, abeilles;Bordeaux;https://observatoire-biodiversite-npdc.fr/especes/frelon-asiatique/;2 (relais);Frelon asiatique (Vespa velutina nigrithorax) — Observatoire de la biodiversité du Nord–Pas-de-Calais | observatoire-biodiversite-npdc.fr/especes/frelon-asiatique | cet article;score SEO 59 < 60;structure de forum (sujets, inscription);;https://guepes-frelons.forumgratuit.org/register;lien-interne : guepes-frelons.forumgratuit.org;2026-09-26;2026-09-26;a-traiter;
69;59;91;Inscription requise;Forum;https://www.jardinature.net/forum/;jardinature.net;Forum Jardinature - Forum jardin, jardinage, nature, environnement - Page d’index;phpBB;oui;inconnu;inconnu;non;non;?;100 % (GPTBot, OAI-SearchBot, ClaudeBot, PerplexityBot, Google-Extended);frelons, guêpes, insectes, jardin, jardinage, potager, nature, maison;Savoie;https://observatoire-biodiversite-npdc.fr/especes/frelon-asiatique/;2 (relais);Frelon asiatique (Vespa velutina nigrithorax) — Observatoire de la biodiversité du Nord–Pas-de-Calais | observatoire-biodiversite-npdc.fr/especes/frelon-asiatique | cet article;score SEO 59 < 60;forum phpBB;;https://www.jardinature.net/forum/ucp.php?mode=register;lien-externe : depuis aquajardin.net;2026-09-26;2026-09-26;a-traiter;
68;63;80;Inscription requise;Forum;https://forum-apiculture.forumactif.org/t2976-la-bourrache-une-etoile-bleue-pour-les-pollinisateurs;forum-apiculture.forumactif.org;La Bourrache, une étoile bleue pour les pollinisateurs;Canalblog;oui;inconnu;dofollow;non;non;?;83 % (GPTBot, OAI-SearchBot, ClaudeBot, PerplexityBot, Google-Extended);frelon, frelon asiatique, abeilles, apiculture, ruche, jardin, biodiversité, pollinisateurs;;https://allo-frelons.fr/abeilles;1 (site);ALLO FRELONS | allo-frelons.fr/abeilles;score SEO 63 ≥ 60, liens dofollow;structure de forum (sujets, inscription) | liens dans les messages : dofollow;;https://forum-apiculture.forumactif.org/register;lien-interne : forum-apiculture.forumactif.org;2026-09-26;2026-09-26;a-traiter;
68;71;69;Inscription requise;Forum;https://www.aujardin.org/viewforum.php?f=48;aujardin.org;Au jardin - Au jardin, forum de jardinage;phpBB;oui;inconnu;dofollow;non;non;?;61 % (OAI-SearchBot, Google-Extended);abeilles, insectes, jardin, jardinage, potager, nature, maison, bricolage;Normandie;https://allo-frelons.fr/abeilles;1 (site);ALLO FRELONS | allo-frelons.fr/abeilles | ALLO FRELONS Normandie;score SEO 71 ≥ 60, liens dofollow;forum phpBB | liens dans les messages : dofollow;;https://www.aujardin.org/ucp.php?mode=register;lien-interne : aujardin.org;2026-09-26;2026-09-26;a-traiter;
68;71;69;Inscription requise;Forum;https://www.aujardin.org/viewforum.php?f=85;aujardin.org;Au potager - Au jardin, forum de jardinage;phpBB;oui;inconnu;dofollow;non;non;?;61 % (OAI-SearchBot, Google-Extended);abeilles, insectes, jardin, jardinage, potager, nature, maison, bricolage;Rennes;https://allo-frelons.fr/abeilles;1 (site);ALLO FRELONS | allo-frelons.fr/abeilles | ALLO FRELONS Rennes;score SEO 71 ≥ 60, liens dofollow;forum phpBB | liens dans les messages : dofollow;;https://www.aujardin.org/ucp.php?mode=register;lien-interne : aujardin.org;2026-09-26;2026-09-26;a-traiter;
68;71;69;Inscription requise;Forum;https://www.aujardin.org/viewtopic.php?t=143511;aujardin.org;nid de guêpes dans le sol - Au jardin, forum de jardinage;phpBB;oui;inconnu;dofollow;non;non;?;61 % (OAI-SearchBot, Google-Extended);guêpes, nid de guêpes, abeilles, insecte, insectes, jardin, jardinage, potager;Normandie, Île-de-France;https://allo-frelons.fr/guepes;1 (site);ALLO FRELONS | allo-frelons.fr/guepes | Les guêpes, biologie, les différentes espèces, les solutions | ALLO FRELONS Normandie;score SEO 71 ≥ 60, liens dofollow;forum phpBB | liens dans les messages : dofollow | liens de signature : dofollow;;https://www.aujardin.org/ucp.php?mode=register;requete : nid de guêpes forum jardin conseils;2026-09-26;2026-09-26;a-traiter;
68;71;69;Inscription requise;Forum;https://www.aujardin.org/viewtopic.php?t=48927;aujardin.org;nid de guepes - Au jardin, forum de jardinage;phpBB;oui;inconnu;dofollow;non;non;?;61 % (OAI-SearchBot, Google-Extended);frelons, guêpes, nid de frelons, nid de guêpes, abeilles, piqûre, jardin, jardinage;Tours, Normandie;https://allo-frelons.fr/guepes;1 (site);ALLO FRELONS | allo-frelons.fr/guepes | Les guêpes, biologie, les différentes espèces, les solutions | ALLO FRELONS Tours;score SEO 71 ≥ 60, liens dofollow;forum phpBB | liens dans les messages : dofollow;;https://www.aujardin.org/ucp.php?mode=register;requete : nid de guêpes forum jardin conseils;2026-09-26;2026-09-26;a-traiter;
68;62;82;Inscription requise;Forum;https://www.econologie.com/forums/faq.php;econologie.com;Forum Écologie, Énergies, Réparation, Maison, Bricolage et Innovations Durables - Foire aux questions;phpBB;oui;inconnu;dofollow;non;non;?;100 % (GPTBot, OAI-SearchBot, ClaudeBot, PerplexityBot, Google-Extended);jardin, jardinage, potager, maison, bricolage;Paris;https://allo-frelons.fr/;1 (site);ALLO FRELONS | allo-frelons.fr | ALLO FRELONS Paris;score SEO 62 ≥ 60, liens dofollow;forum phpBB | liens dans les messages : dofollow;;https://www.econologie.com/forums/ucp.php?mode=register;lien-interne : econologie.com;2026-09-26;2026-09-26;a-traiter;
67;55;76;Immédiat (formulaire);Commentaire de blog;https://www.un-jardin-bio.com/comment-lutter-contre-le-frelon-asiatique/;un-jardin-bio.com;Frelon asiatique - Comment lutter ?;WordPress;oui;inconnu;inconnu;non;oui;?;100 % (GPTBot, OAI-SearchBot, ClaudeBot, PerplexityBot, Google-Extended);frelon, frelons, frelon asiatique, frelon européen, guêpes, nid de frelons, nuisibles, abeille;Nord, Nantes, Tours, Bretagne;https://observatoire-biodiversite-npdc.fr/especes/frelon-asiatique/;2 (relais);Frelon asiatique (Vespa velutina nigrithorax) — Observatoire de la biodiversité du Nord–Pas-de-Calais | observatoire-biodiversite-npdc.fr/especes/frelon-asiatique | cet article;spot de masse : renforcer une page relais plutôt que le site principal;formulaire de commentaire natif | 35 commentaire(s) déjà publié(s) | captcha détecté sur la page;;;requete : frelon asiatique blog jardinage article commentaires;2026-09-26;2026-09-26;a-traiter;
67;68;69;Inscription requise;Annuaire;https://alertemoustique.fr/conseils/frelon-asiatique.php;alertemoustique.fr;Frelon asiatique : reconnaître, risques, que faire en cas de nid près de chez soi;;oui;inconnu;dofollow;non;non;?;100 % (GPTBot, OAI-SearchBot, ClaudeBot, PerplexityBot, Google-Extended);frelon, frelons, frelon asiatique, frelon européen, guêpe, nid de frelons, vespa velutina, abeilles;;https://allo-frelons.fr/nid-frelon-que-faire;1 (site);ALLO FRELONS | allo-frelons.fr/nid-frelon-que-faire | nid frelon que faire;spot éditorial : lien direct vers le site;annuaire avec lien d'ajout : « Inscription gratuite »;;;requete : frelon asiatique forum nid que faire;2026-09-26;2026-09-26;a-traiter;
67;61;81;Inscription requise;Forum;https://forum-apiculture.forumactif.org/t2974-peut-on-les-sauver;forum-apiculture.forumactif.org;Peut-on les sauver?;Canalblog;oui;inconnu;dofollow;non;non;?;83 % (GPTBot, OAI-SearchBot, ClaudeBot, PerplexityBot, Google-Extended);frelon, frelon asiatique, abeilles, apiculture, apiculteur, ruche, pollinisateurs;Ille-et-Vilaine, Mayenne;https://allo-frelons.fr/abeilles;1 (site);ALLO FRELONS | allo-frelons.fr/abeilles | ALLO FRELONS Ille-et-Vilaine;score SEO 61 ≥ 60, liens dofollow;structure de forum (sujets, inscription) | liens dans les messages : dofollow;;https://forum-apiculture.forumactif.org/register;lien-interne : forum-apiculture.forumactif.org;2026-09-26;2026-09-26;a-traiter;
67;62;79;Inscription requise;Forum;https://forum-apiculture.forumactif.org/t2987-tout-le-materiel-pour-l-apiculteur-debutant;forum-apiculture.forumactif.org;Tout le matériel pour l'apiculteur débutant;Canalblog;oui;inconnu;dofollow;non;non;?;83 % (GPTBot, OAI-SearchBot, ClaudeBot, PerplexityBot, Google-Extended);frelon, frelon asiatique, abeilles, apiculture, apiculteur, ruche, pollinisateurs;;https://allo-frelons.fr/abeilles;1 (site);ALLO FRELONS | allo-frelons.fr/abeilles;score SEO 62 ≥ 60, liens dofollow;structure de forum (sujets, inscription) | liens dans les messages : dofollow;;https://forum-apiculture.forumactif.org/register;lien-interne : forum-apiculture.forumactif.org;2026-09-26;2026-09-26;a-traiter;
67;70;68;Inscription requise;Forum;https://www.aujardin.org/viewforum.php?f=103;aujardin.org;A la botanique - Au jardin, forum de jardinage;phpBB;oui;inconnu;dofollow;non;non;?;61 % (OAI-SearchBot, Google-Extended);abeilles, jardin, jardinage, potager, nature, maison, bricolage, animaux;Landes;https://allo-frelons.fr/abeilles;1 (site);ALLO FRELONS | allo-frelons.fr/abeilles | ALLO FRELONS Landes;score SEO 70 ≥ 60, liens dofollow;forum phpBB | liens dans les messages : dofollow;;https://www.aujardin.org/ucp.php?mode=register;lien-interne : aujardin.org;2026-09-26;2026-09-26;a-traiter;
67;70;68;Inscription requise;Forum;https://www.aujardin.org/viewtopic.php?t=213577;aujardin.org;Variété colza de printemps : comment choisir selon son sol - Au jardin, forum de jardinage;phpBB;oui;inconnu;dofollow;non;non;?;61 % (OAI-SearchBot, Google-Extended);abeilles, insecte, jardin, jardinage, potager, nature, maison, bricolage;Île-de-France;https://allo-frelons.fr/ou-signaler-un-nid-de-frelons-asiatiques-et-quelle-plateforme-choisir-selon-votre-situation;1 (site);ALLO FRELONS | allo-frelons.fr/ou-signaler-un-nid-de-frelons-asiatiques-et-quelle-plateforme-choisir-selon-votre-situation | Où signaler un nid de frelons asiatiques et quelle plateforme choisir selon votre situation | ALLO FRELONS Île-de-France;score SEO 70 ≥ 60, liens dofollow;forum phpBB | liens dans les messages : dofollow | liens de signature : dofollow;;https://www.aujardin.org/ucp.php?mode=register;lien-interne : aujardin.org;2026-09-26;2026-09-26;a-traiter;
67;59;99;Contact à prendre;Liste de prestataires;https://frelons-asiatiques.fr/societe/83-Var.htm;frelons-asiatiques.fr;;;non (canonique vers https://frelons-asiatiques.fr/societe/83-Var);inconnu;dofollow;non;non;?;100 % (GPTBot, OAI-SearchBot, ClaudeBot, PerplexityBot, Google-Extended);frelon, frelons, frelon asiatique, guêpes, nid de frelons, désinsectisation, nuisibles, anti-nuisibles;Marseille, Provence, Alpes-Maritimes, Var;https://allo-frelons.fr/entreprise-professionnelle-pour-lutter-contre-les-guepes-et-frelons-dans-le-var-83;1 (site);ALLO FRELONS | allo-frelons.fr/entreprise-professionnelle-pour-lutter-contre-les-guepes-et-frelons-dans-le-var-83 | ALLO FRELONS Marseille;spot éditorial : lien direct vers le site;cite 1 concurrent(s) : dkmexperts.fr | 19 lien(s) vers des sites du métier | liens de la liste : dofollow;;;lien-externe : depuis lavalette83.fr;2026-09-26;2026-09-26;a-traiter;
66;56;73;Immédiat (formulaire);Commentaire de blog;https://solution-nuisible.fr/guides-conseils/frelons/nid-de-frelon-asiatique/;solution-nuisible.fr;Nid de frelon asiatique : Le reconnaitre, évaluer le risque et réagir;WordPress;oui;inconnu;inconnu;oui;non;?;100 % (GPTBot, OAI-SearchBot, ClaudeBot, PerplexityBot, Google-Extended);frelon, frelons, frelon asiatique, frelon européen, guêpe, guêpes, nid de frelons, nid de guêpes;Lille, Hauts-de-France, Paris, Lyon;https://observatoire-biodiversite-npdc.fr/dossiers/que-faire-nid-frelon-asiatique-signalement/;2 (relais);Que faire face à un nid de frelon asiatique ? Signalement et intervention — Observatoire de la biodiversité du Nord–Pas-de-Calais | observatoire-biodiversite-npdc.fr/dossiers/que-faire-nid-frelon-asiatique-signalement | cet article;spot de masse : renforcer une page relais plutôt que le site principal;formulaire de commentaire natif (#commentform) | champ « site web » dans le formulaire;https://solution-nuisible.fr/guides-conseils/frelons/nid-de-frelon-asiatique/;;"relais : ""allo frelons"" frelon asiatique nid intervention avis";2026-09-26;2026-09-26;a-traiter;
66;55;73;Immédiat (formulaire);Commentaire de blog;https://www.jardindecamille.com/frelon-asiatique-proteger-pollinisateurs;jardindecamille.com;Frelon asiatique au jardin : ce que tout jardinier doit savoir pour protéger ses pollinisateurs (et son jardin) - Jardin de Camille;WordPress;oui;inconnu;inconnu;oui;oui;?;100 % (GPTBot, OAI-SearchBot, ClaudeBot, PerplexityBot, Google-Extended);frelon, frelons, frelon asiatique, frelon européen, guêpe, guêpes, vespa velutina, abeille;Auvergne-Rhône-Alpes;https://observatoire-biodiversite-npdc.fr/especes/frelon-asiatique/;2 (relais);Frelon asiatique (Vespa velutina nigrithorax) — Observatoire de la biodiversité du Nord–Pas-de-Calais | observatoire-biodiversite-npdc.fr/especes/frelon-asiatique | cet article;spot de masse : renforcer une page relais plutôt que le site principal;formulaire de commentaire natif (#commentform) | champ « site web » dans le formulaire | captcha sur le formulaire | captcha détecté sur la page;;;requete : frelon asiatique blog jardinage article commentaires;2026-09-26;2026-09-26;a-traiter;
66;61;78;Inscription requise;Forum;https://forum-apiculture.forumactif.org/t2981-abeilles-plus-grosses-devant-la-ruches;forum-apiculture.forumactif.org;abeilles plus grosses devant la ruches;Canalblog;oui;inconnu;dofollow;non;non;?;83 % (GPTBot, OAI-SearchBot, ClaudeBot, PerplexityBot, Google-Extended);frelon, frelon asiatique, abeille, abeilles, apiculture, ruche, pollinisateurs;;https://allo-frelons.fr/abeilles;1 (site);ALLO FRELONS | allo-frelons.fr/abeilles;score SEO 61 ≥ 60, liens dofollow;structure de forum (sujets, inscription) | liens dans les messages : dofollow;;https://forum-apiculture.forumactif.org/register;lien-interne : forum-apiculture.forumactif.org;2026-09-26;2026-09-26;a-traiter;
66;60;81;Inscription requise;Forum;https://forum-apiculture.forumactif.org/t2989-renseignement;forum-apiculture.forumactif.org;renseignement;Canalblog;oui;inconnu;dofollow;non;non;?;83 % (GPTBot, OAI-SearchBot, ClaudeBot, PerplexityBot, Google-Extended);frelon, frelon asiatique, abeilles, apiculture, ruche, pollinisateurs;Marne;https://allo-frelons.fr/abeilles;1 (site);ALLO FRELONS | allo-frelons.fr/abeilles | ALLO FRELONS Marne;score SEO 60 ≥ 60, liens dofollow;structure de forum (sujets, inscription) | liens dans les messages : dofollow;;https://forum-apiculture.forumactif.org/register;lien-interne : forum-apiculture.forumactif.org;2026-09-26;2026-09-26;a-traiter;
66;61;77;Inscription requise;Annuaire;https://mon-presta.fr/annuaire/activites/entreprise-de-desinfection-desinsectisation-et-deratisation;mon-presta.fr;133 Entreprises de désinfection, désinsectisation et dératisation trouvées | Mon-presta.fr - Annuaire des indépendants (FNAE);;oui;inconnu;inconnu;non;non;?;100 % (GPTBot, OAI-SearchBot, ClaudeBot, PerplexityBot, Google-Extended);frelon, frelons, guêpe, guêpes, désinsectisation, nuisibles, anti-nuisibles, destruction de nid;Lille, Paris, Lyon, Marseille;https://allo-frelons.fr/guepes;1 (site);ALLO FRELONS | allo-frelons.fr/guepes | Les guêpes, biologie, les différentes espèces, les solutions | ALLO FRELONS Lille;spot éditorial : lien direct vers le site;annuaire avec lien d'ajout : « INSCRIPTION GRATUITE ▸ »;;;"requete : annuaire ""ajouter votre entreprise"" désinsectisation nuisibles";2026-09-26;2026-09-26;a-traiter;
66;69;67;Inscription requise;Forum;https://www.aujardin.org/viewtopic.php?t=210792;aujardin.org;Ma plante (aloès) semble se déssecher , comment puis je la sauver svp ? - Au jardin, forum de jardinage;phpBB;oui;inconnu;dofollow;non;non;?;61 % (OAI-SearchBot, Google-Extended);abeilles, jardin, jardinage, potager, nature, maison, bricolage, animaux;Nord, Pas-de-Calais;https://allo-frelons.fr/abeilles;1 (site);ALLO FRELONS | allo-frelons.fr/abeilles | ALLO FRELONS Nord;score SEO 69 ≥ 60, liens dofollow;forum phpBB | liens dans les messages : dofollow | liens de signature : dofollow;;https://www.aujardin.org/ucp.php?mode=register;lien-interne : aujardin.org;2026-09-26;2026-09-26;a-traiter;
66;69;67;Inscription requise;Forum;https://www.aujardin.org/viewtopic.php?t=213774;aujardin.org;Quelques questions sur Groww (appli et version web) - Au jardin, forum de jardinage;phpBB;oui;inconnu;dofollow;non;non;?;61 % (OAI-SearchBot, Google-Extended);abeilles, jardin, jardinage, potager, nature, maison, bricolage, animaux;Provence;https://allo-frelons.fr/abeilles;1 (site);ALLO FRELONS | allo-frelons.fr/abeilles | ALLO FRELONS Provence;score SEO 69 ≥ 60, liens dofollow;forum phpBB | liens dans les messages : dofollow;;https://www.aujardin.org/ucp.php?mode=register;lien-interne : aujardin.org;2026-09-26;2026-09-26;a-traiter;
66;61;78;Inscription requise;Forum;https://www.jardinature.net/forum/ucp.php?mode=register;jardinature.net;Forum Jardinature - Forum jardin, jardinage, nature, environnement - Panneau de l’utilisateur - S’enregistrer;phpBB;oui;inconnu;dofollow;non;non;?;100 % (GPTBot, OAI-SearchBot, ClaudeBot, PerplexityBot, Google-Extended);jardin, jardinage, nature, bricolage;;https://allo-frelons.fr/;1 (site);ALLO FRELONS | allo-frelons.fr;score SEO 61 ≥ 60, liens dofollow;forum phpBB | liens dans les messages : dofollow;;https://www.jardinature.net/forum/ucp.php?mode=register;utile : inscription;2026-09-26;2026-09-26;a-traiter;
65;60;77;Inscription requise;Forum;https://forum-apiculture.forumactif.org/;forum-apiculture.forumactif.org;Forum apiculture et abeilles;Canalblog;oui;inconnu;dofollow;non;non;?;83 % (GPTBot, OAI-SearchBot, ClaudeBot, PerplexityBot, Google-Extended);frelon, frelon asiatique, abeille, abeilles, apiculture, ruche, bricolage, pollinisateurs;;https://allo-frelons.fr/abeilles;1 (site);ALLO FRELONS | allo-frelons.fr/abeilles;score SEO 60 ≥ 60, liens dofollow;structure de forum (sujets, inscription) | liens dans les messages : dofollow;;https://forum-apiculture.forumactif.org/register;graine;2026-09-26;2026-09-26;a-traiter;
64;51;73;Immédiat (formulaire);Commentaire de blog;https://www.guepe-ride.fr/articles/dois-t-on-declarer-un-nid-de-frelons-asiatiques-a-t-on-le-droit-a-des-aides-de-la-mairie-pour-le-traitement-du-nid;guepe-ride.fr;Dois T-on Déclarer Un Nid De Frelons Asiatiques ? A T-on Le Droit à Des Aides De La Mairie Pour Le Traitement Du Nid ?;;oui;inconnu;inconnu;non;non;?;100 % (GPTBot, OAI-SearchBot, ClaudeBot, PerplexityBot, Google-Extended);frelon, frelons, frelon asiatique, guêpe, guêpes, nid de frelons, abeille, abeilles;Île-de-France;https://observatoire-biodiversite-npdc.fr/dossiers/que-faire-nid-frelon-asiatique-signalement/;2 (relais);Que faire face à un nid de frelon asiatique ? Signalement et intervention — Observatoire de la biodiversité du Nord–Pas-de-Calais | observatoire-biodiversite-npdc.fr/dossiers/que-faire-nid-frelon-asiatique-signalement | cet article;spot de masse : renforcer une page relais plutôt que le site principal;formulaire de commentaire natif (#customer_comment);;;"requete : mairie frelon asiatique ""qui contacter"" liste des entreprises";2026-09-26;2026-09-26;a-traiter;
64;55;68;Immédiat (formulaire);Commentaire de blog;https://www.mesdepanneurs.fr/blog/qui-appeler-pour-un-nid-de-frelon;mesdepanneurs.fr;Qui appeler pour un nid de frelons ? Les bons contacts et les démarches à suivre| MesDépanneurs.fr;Drupal;oui;inconnu;inconnu;oui;non;?;100 % (GPTBot, OAI-SearchBot, ClaudeBot, PerplexityBot, Google-Extended);frelon, frelons, frelon asiatique, frelon européen, guêpe, guêpes, nid de frelons, nid de guêpes;;https://observatoire-biodiversite-npdc.fr/dossiers/que-faire-nid-frelon-asiatique-signalement/;2 (relais);Que faire face à un nid de frelon asiatique ? Signalement et intervention — Observatoire de la biodiversité du Nord–Pas-de-Calais | observatoire-biodiversite-npdc.fr/dossiers/que-faire-nid-frelon-asiatique-signalement | cet article;spot de masse : renforcer une page relais plutôt que le site principal;formulaire de commentaire natif (#comment-form) | champ « site web » dans le formulaire | 7 commentaire(s) déjà publié(s);;;"requete : nid de frelons ""laisser un commentaire"" blog";2026-09-26;2026-09-26;a-traiter;
64;58;76;Inscription requise;Forum;https://forum-apiculture.forumactif.org/t2977-materiel-et-de-machines-apicola;forum-apiculture.forumactif.org;matériel et de machines apicola;Canalblog;oui;inconnu;dofollow;non;non;?;83 % (GPTBot, OAI-SearchBot, ClaudeBot, PerplexityBot, Google-Extended);frelon, frelon asiatique, abeilles, apiculture, ruche, pollinisateurs;;https://observatoire-biodiversite-npdc.fr/especes/frelon-asiatique/;2 (relais);Frelon asiatique (Vespa velutina nigrithorax) — Observatoire de la biodiversité du Nord–Pas-de-Calais | observatoire-biodiversite-npdc.fr/especes/frelon-asiatique | cet article;score SEO 58 < 60;structure de forum (sujets, inscription) | liens dans les messages : dofollow;;https://forum-apiculture.forumactif.org/register;lien-interne : forum-apiculture.forumactif.org;2026-09-26;2026-09-26;a-traiter;
64;54;83;Inscription requise;Forum;https://forums.futura-sciences.com/identification-especes-animales-vegetales/325078-faire-difference-entre-un-nid-dabeille-maconneuse-de-guepe.html;futura-sciences.com;Comment faire la différence entre un nid d'abeille maçonneuse et de guêpe ?;vBulletin;oui;inconnu;inconnu;non;non;?;100 % (GPTBot, OAI-SearchBot, ClaudeBot, PerplexityBot, Google-Extended);guêpe, guêpes, nid de guêpes, abeille, abeilles, maison, bricolage;;https://observatoire-biodiversite-npdc.fr/dossiers/que-faire-nid-frelon-asiatique-signalement/;2 (relais);Que faire face à un nid de frelon asiatique ? Signalement et intervention — Observatoire de la biodiversité du Nord–Pas-de-Calais | observatoire-biodiversite-npdc.fr/dossiers/que-faire-nid-frelon-asiatique-signalement | cet article;score SEO 54 < 60;forum vBulletin;;https://forums.futura-sciences.com/register.php;lien-interne : forums.futura-sciences.com;2026-09-26;2026-09-26;a-traiter;
64;54;83;Inscription requise;Forum;https://freelons.fr/ressources;freelons.fr;Toute la documentation;PrestaShop;oui;inconnu;inconnu;non;non;?;100 % (GPTBot, OAI-SearchBot, ClaudeBot, PerplexityBot, Google-Extended);frelon, frelons, frelon asiatique, guêpes, abeilles, apiculteur, biodiversité;;https://www.entreprisenettoyageparis.fr/top-3-entreprises-destruction-nids-de-guepes-et-frelons-a-paris/;2 (relais);Top 3 des entreprises de destruction nids de guêpes et frelons à Paris | www.entreprisenettoyageparis.fr/top-3-entreprises-destruction-nids-de-guepes-et-frelons-a-paris | cet article;score SEO 54 < 60;structure de forum (sujets, inscription);;https://freelons.fr/content/9-inscription-organisateur;utile : page-liens;2026-09-26;2026-09-26;a-traiter;
64;54;83;Inscription requise;Forum;https://freelons.fr/ressources/rubrique/1-actualites.html;freelons.fr;Actualités;PrestaShop;oui;inconnu;inconnu;non;non;?;100 % (GPTBot, OAI-SearchBot, ClaudeBot, PerplexityBot, Google-Extended);frelon, frelons, frelon asiatique, abeilles, apiculteur;;https://observatoire-biodiversite-npdc.fr/especes/frelon-asiatique/;2 (relais);Frelon asiatique (Vespa velutina nigrithorax) — Observatoire de la biodiversité du Nord–Pas-de-Calais | observatoire-biodiversite-npdc.fr/especes/frelon-asiatique | cet article;score SEO 54 < 60;structure de forum (sujets, inscription);;https://freelons.fr/content/9-inscription-organisateur;utile : page-liens;2026-09-26;2026-09-26;a-traiter;
64;54;83;Inscription requise;Forum;https://freelons.fr/ressources/rubrique/2-aide.html;freelons.fr;Aide;PrestaShop;oui;inconnu;inconnu;non;non;?;100 % (GPTBot, OAI-SearchBot, ClaudeBot, PerplexityBot, Google-Extended);frelon, frelons, frelon asiatique, frelon européen, guêpes, vespa velutina, apiculture, apiculteur;;https://observatoire-biodiversite-npdc.fr/especes/frelon-asiatique/;2 (relais);Frelon asiatique (Vespa velutina nigrithorax) — Observatoire de la biodiversité du Nord–Pas-de-Calais | observatoire-biodiversite-npdc.fr/especes/frelon-asiatique | cet article;score SEO 54 < 60;structure de forum (sujets, inscription);;https://freelons.fr/content/9-inscription-organisateur;utile : page-liens;2026-09-26;2026-09-26;a-traiter;
64;54;83;Inscription requise;Forum;https://freelons.fr/ressources/rubrique/3-donnees-scientifiques-et-documentation-officielle.html;freelons.fr;Données scientifiques;PrestaShop;oui;inconnu;inconnu;non;non;?;100 % (GPTBot, OAI-SearchBot, ClaudeBot, PerplexityBot, Google-Extended);frelon, frelons, frelon asiatique, guêpes, abeilles, apiculteur, biodiversité;;https://www.entreprisenettoyageparis.fr/top-3-entreprises-destruction-nids-de-guepes-et-frelons-a-paris/;2 (relais);Top 3 des entreprises de destruction nids de guêpes et frelons à Paris | www.entreprisenettoyageparis.fr/top-3-entreprises-destruction-nids-de-guepes-et-frelons-a-paris | cet article;score SEO 54 < 60;structure de forum (sujets, inscription);;https://freelons.fr/content/9-inscription-organisateur;utile : page-liens;2026-09-26;2026-09-26;a-traiter;
64;54;83;Inscription requise;Forum;https://freelons.fr/ressources/sujet/1-participer-piegeage.html;freelons.fr;Participer au piégeage de printemps du frelon asiatique;PrestaShop;oui;inconnu;inconnu;non;non;?;100 % (GPTBot, OAI-SearchBot, ClaudeBot, PerplexityBot, Google-Extended);frelon, frelons, frelon asiatique, apiculteur;;https://observatoire-biodiversite-npdc.fr/especes/frelon-asiatique/;2 (relais);Frelon asiatique (Vespa velutina nigrithorax) — Observatoire de la biodiversité du Nord–Pas-de-Calais | observatoire-biodiversite-npdc.fr/especes/frelon-asiatique | cet article;score SEO 54 < 60;structure de forum (sujets, inscription);;https://freelons.fr/content/9-inscription-organisateur;utile : page-liens;2026-09-26;2026-09-26;a-traiter;
64;54;83;Inscription requise;Forum;https://freelons.fr/ressources/sujet/59-etude-suisse-2026-selectivite-et-efficacite-du-piegeage-des-reines-de-frelons-asiatiques-a-pattes-jaunes-au-printemps.html;freelons.fr;Etude Suisse 2026 : Sélectivité et efficacité du piégeage des reines de frelons asiatiques à pattes jaunes au printemps;PrestaShop;oui;inconnu;inconnu;non;non;?;100 % (GPTBot, OAI-SearchBot, ClaudeBot, PerplexityBot, Google-Extended);frelon, frelons, frelon asiatique, abeilles, apiculteur;;https://observatoire-biodiversite-npdc.fr/especes/frelon-asiatique/;2 (relais);Frelon asiatique (Vespa velutina nigrithorax) — Observatoire de la biodiversité du Nord–Pas-de-Calais | observatoire-biodiversite-npdc.fr/especes/frelon-asiatique | cet article;score SEO 54 < 60;structure de forum (sujets, inscription);;https://freelons.fr/content/9-inscription-organisateur;utile : page-liens;2026-09-26;2026-09-26;a-traiter;
64;54;83;Inscription requise;Forum;https://freelons.fr/ressources/sujet/61-arret-de-freelons.html;freelons.fr;Arrêt de Freelons;PrestaShop;oui;inconnu;inconnu;non;non;?;100 % (GPTBot, OAI-SearchBot, ClaudeBot, PerplexityBot, Google-Extended);frelon, frelons, frelon asiatique, apiculteur, biodiversité;;https://www.entreprisenettoyageparis.fr/top-3-entreprises-destruction-nids-de-guepes-et-frelons-a-paris/;2 (relais);Top 3 des entreprises de destruction nids de guêpes et frelons à Paris | www.entreprisenettoyageparis.fr/top-3-entreprises-destruction-nids-de-guepes-et-frelons-a-paris | cet article;score SEO 54 < 60;structure de forum (sujets, inscription);;https://freelons.fr/content/9-inscription-organisateur;utile : page-liens;2026-09-26;2026-09-26;a-traiter;
64;54;83;Inscription requise;Forum;https://guepes-frelons.forumgratuit.org/;guepes-frelons.forumgratuit.org;Guêpes et Frelons - Le Forum;e-monsite;oui;inconnu;inconnu;non;non;?;83 % (GPTBot, OAI-SearchBot, ClaudeBot, PerplexityBot, Google-Extended);frelon, frelons, frelon asiatique, guêpe, guêpes, nid de frelons, nid de guêpes, insecte;;https://observatoire-biodiversite-npdc.fr/especes/frelon-asiatique/;2 (relais);Frelon asiatique (Vespa velutina nigrithorax) — Observatoire de la biodiversité du Nord–Pas-de-Calais | observatoire-biodiversite-npdc.fr/especes/frelon-asiatique | cet article;score SEO 54 < 60;structure de forum (sujets, inscription);;https://guepes-frelons.forumgratuit.org/register;graine;2026-09-26;2026-09-26;a-traiter;
64;54;83;Inscription requise;Forum;https://guepes-frelons.forumgratuit.org/c6-questions-generales-sur-les-guepes-et-frelons;guepes-frelons.forumgratuit.org;QUESTIONS GENERALES SUR LES GUEPES ET FRELONS;e-monsite;oui;inconnu;inconnu;non;non;?;83 % (GPTBot, OAI-SearchBot, ClaudeBot, PerplexityBot, Google-Extended);frelon, frelons, frelon asiatique, guêpes, nid de frelons, nid de guêpes;;https://observatoire-biodiversite-npdc.fr/especes/frelon-asiatique/;2 (relais);Frelon asiatique (Vespa velutina nigrithorax) — Observatoire de la biodiversité du Nord–Pas-de-Calais | observatoire-biodiversite-npdc.fr/especes/frelon-asiatique | cet article;score SEO 54 < 60;structure de forum (sujets, inscription);;https://guepes-frelons.forumgratuit.org/register;lien-interne : guepes-frelons.forumgratuit.org;2026-09-26;2026-09-26;a-traiter;
64;54;83;Inscription requise;Forum;https://guepes-frelons.forumgratuit.org/discover;guepes-frelons.forumgratuit.org;Toute l'activité de la communauté - Guêpes et Frelons - Le Forum;e-monsite;oui;inconnu;inconnu;non;non;?;83 % (GPTBot, OAI-SearchBot, ClaudeBot, PerplexityBot, Google-Extended);frelon, frelons, frelon asiatique, guêpes, nid de frelons;;https://observatoire-biodiversite-npdc.fr/especes/frelon-asiatique/;2 (relais);Frelon asiatique (Vespa velutina nigrithorax) — Observatoire de la biodiversité du Nord–Pas-de-Calais | observatoire-biodiversite-npdc.fr/especes/frelon-asiatique | cet article;score SEO 54 < 60;structure de forum (sujets, inscription);;https://guepes-frelons.forumgratuit.org/register;lien-interne : guepes-frelons.forumgratuit.org;2026-09-26;2026-09-26;a-traiter;
64;54;83;Inscription requise;Forum;https://guepes-frelons.forumgratuit.org/f10-questions-sur-leur-biologie;guepes-frelons.forumgratuit.org;Questions sur leur biologie;e-monsite;oui;inconnu;inconnu;non;non;?;83 % (GPTBot, OAI-SearchBot, ClaudeBot, PerplexityBot, Google-Extended);frelon, frelons, frelon asiatique, frelon européen, guêpe, guêpes, nid de frelons, abeilles;;https://observatoire-biodiversite-npdc.fr/dossiers/que-faire-nid-frelon-asiatique-signalement/;2 (relais);Que faire face à un nid de frelon asiatique ? Signalement et intervention — Observatoire de la biodiversité du Nord–Pas-de-Calais | observatoire-biodiversite-npdc.fr/dossiers/que-faire-nid-frelon-asiatique-signalement | cet article;score SEO 54 < 60;structure de forum (sujets, inscription);;https://guepes-frelons.forumgratuit.org/register;lien-interne : guepes-frelons.forumgratuit.org;2026-09-26;2026-09-26;a-traiter;
64;54;83;Inscription requise;Forum;https://guepes-frelons.forumgratuit.org/f11-questions-sur-leur-alimentation;guepes-frelons.forumgratuit.org;Questions sur leur alimentation;e-monsite;oui;inconnu;inconnu;non;non;?;83 % (GPTBot, OAI-SearchBot, ClaudeBot, PerplexityBot, Google-Extended);frelon, frelons, frelon asiatique, guêpe, guêpes, nid de frelons;;https://www.entreprisenettoyageparis.fr/top-3-entreprises-destruction-nids-de-guepes-et-frelons-a-paris/;2 (relais);Top 3 des entreprises de destruction nids de guêpes et frelons à Paris | www.entreprisenettoyageparis.fr/top-3-entreprises-destruction-nids-de-guepes-et-frelons-a-paris | cet article;score SEO 54 < 60;structure de forum (sujets, inscription);;https://guepes-frelons.forumgratuit.org/register;lien-interne : guepes-frelons.forumgratuit.org;2026-09-26;2026-09-26;a-traiter;
64;54;83;Inscription requise;Forum;https://guepes-frelons.forumgratuit.org/f9-questions-generales-sur-les-guepes-et-frelons;guepes-frelons.forumgratuit.org;QUESTIONS GENERALES SUR LES GUEPES ET FRELONS;e-monsite;oui;inconnu;inconnu;non;non;?;83 % (GPTBot, OAI-SearchBot, ClaudeBot, PerplexityBot, Google-Extended);frelon, frelons, frelon asiatique, frelon européen, guêpe, guêpes, nid de frelons, nid de guêpes;;https://observatoire-biodiversite-npdc.fr/especes/frelon-asiatique/;2 (relais);Frelon asiatique (Vespa velutina nigrithorax) — Observatoire de la biodiversité du Nord–Pas-de-Calais | observatoire-biodiversite-npdc.fr/especes/frelon-asiatique | cet article;score SEO 54 < 60;structure de forum (sujets, inscription);;https://guepes-frelons.forumgratuit.org/register;lien-interne : guepes-frelons.forumgratuit.org;2026-09-26;2026-09-26;a-traiter;
64;54;83;Inscription requise;Forum;https://guepes-frelons.forumgratuit.org/gallery/;guepes-frelons.forumgratuit.org;Galerie;e-monsite;oui;inconnu;inconnu;non;non;?;83 % (GPTBot, OAI-SearchBot, ClaudeBot, PerplexityBot, Google-Extended);frelon, frelons, frelon asiatique, guêpes, nid de frelons;;https://observatoire-biodiversite-npdc.fr/dossiers/que-faire-nid-frelon-asiatique-signalement/;2 (relais);Que faire face à un nid de frelon asiatique ? Signalement et intervention — Observatoire de la biodiversité du Nord–Pas-de-Calais | observatoire-biodiversite-npdc.fr/dossiers/que-faire-nid-frelon-asiatique-signalement | cet article;score SEO 54 < 60;structure de forum (sujets, inscription);;https://guepes-frelons.forumgratuit.org/register;lien-interne : guepes-frelons.forumgratuit.org;2026-09-26;2026-09-26;a-traiter;
64;54;83;Inscription requise;Forum;https://guepes-frelons.forumgratuit.org/images;guepes-frelons.forumgratuit.org;Dernières images et photos - Guêpes et Frelons - Le Forum;e-monsite;oui;inconnu;inconnu;non;non;?;83 % (GPTBot, OAI-SearchBot, ClaudeBot, PerplexityBot, Google-Extended);frelon, frelons, frelon asiatique, guêpes, nid de frelons;;https://observatoire-biodiversite-npdc.fr/especes/frelon-asiatique/;2 (relais);Frelon asiatique (Vespa velutina nigrithorax) — Observatoire de la biodiversité du Nord–Pas-de-Calais | observatoire-biodiversite-npdc.fr/especes/frelon-asiatique | cet article;score SEO 54 < 60;structure de forum (sujets, inscription);;https://guepes-frelons.forumgratuit.org/register;lien-interne : guepes-frelons.forumgratuit.org;2026-09-26;2026-09-26;a-traiter;
64;54;83;Inscription requise;Forum;https://www.econologie.com/forums/consommation-durable/nid-de-guepes-sous-toiture-t13424.html;econologie.com;Nid de guêpes sous toiture - Forum Écologie, Énergies, Réparation, Maison, Bricolage et Innovations Durables;phpBB;oui;inconnu;inconnu;non;non;?;100 % (GPTBot, OAI-SearchBot, ClaudeBot, PerplexityBot, Google-Extended);guêpe, guêpes, nid de guêpes, insectes, jardin, jardinage, potager, maison;;https://observatoire-biodiversite-npdc.fr/dossiers/que-faire-nid-frelon-asiatique-signalement/;2 (relais);Que faire face à un nid de frelon asiatique ? Signalement et intervention — Observatoire de la biodiversité du Nord–Pas-de-Calais | observatoire-biodiversite-npdc.fr/dossiers/que-faire-nid-frelon-asiatique-signalement | cet article;score SEO 54 < 60;forum phpBB;;https://www.econologie.com/forums/ucp.php?mode=register;requete : forum jardinage guêpes nid toiture que faire;2026-09-26;2026-09-26;a-traiter;
63;50;73;Immédiat (formulaire);Commentaire de blog;https://www.dkmexperts.fr/destruction-de-nids-de-frelons-asiatiques-nord-59;dkmexperts.fr;Destruction de nids de frelons asiatiques à Lille et alentours 59 | DKM Experts;;oui;inconnu;inconnu;non;oui;?;100 % (GPTBot, OAI-SearchBot, ClaudeBot, PerplexityBot, Google-Extended);frelon, frelons, frelon asiatique, frelon européen, guêpe, guêpes, nid de frelons, nid de guêpes;Lille, Nord, Paris, Île-de-France;https://observatoire-biodiversite-npdc.fr/especes/frelon-asiatique/;2 (relais);Frelon asiatique (Vespa velutina nigrithorax) — Observatoire de la biodiversité du Nord–Pas-de-Calais | observatoire-biodiversite-npdc.fr/especes/frelon-asiatique | cet article;spot de masse : renforcer une page relais plutôt que le site principal;formulaire de commentaire natif | captcha détecté sur la page;;;requete : destruction nid de frelons entreprise Lille Nord désinsectisation;2026-09-26;2026-09-26;a-traiter;
63;50;73;Immédiat (formulaire);Commentaire de blog;https://www.dkmexperts.fr/destruction-nid-de-frelons-asiatiques-bouches-du-rhone-var;dkmexperts.fr;Destruction nid de frelons asiatiques Bouches-du-Rhône & Var | DKM Experts;;oui;inconnu;inconnu;non;oui;?;100 % (GPTBot, OAI-SearchBot, ClaudeBot, PerplexityBot, Google-Extended);frelon, frelons, frelon asiatique, guêpe, guêpes, nid de frelons, nid de guêpes, désinsectisation;Nord, Marseille, Île-de-France, Provence;https://observatoire-biodiversite-npdc.fr/dossiers/que-faire-nid-frelon-asiatique-signalement/;2 (relais);Que faire face à un nid de frelon asiatique ? Signalement et intervention — Observatoire de la biodiversité du Nord–Pas-de-Calais | observatoire-biodiversite-npdc.fr/dossiers/que-faire-nid-frelon-asiatique-signalement | cet article;spot de masse : renforcer une page relais plutôt que le site principal;formulaire de commentaire natif | captcha détecté sur la page;;;requete : frelon asiatique Provence Var liste entreprises destruction nid commune;2026-09-26;2026-09-26;a-traiter;
63;50;73;Immédiat (formulaire);Commentaire de blog;https://www.dkmexperts.fr/destruction-nids-de-guepes-et-frelons-lille;dkmexperts.fr;Destruction nid de Guêpes et Frelons Lille | DKM Experts;;oui;inconnu;inconnu;non;oui;?;100 % (GPTBot, OAI-SearchBot, ClaudeBot, PerplexityBot, Google-Extended);frelon, frelons, frelon asiatique, frelon européen, guêpe, guêpes, nid de frelons, nid de guêpes;Lille, Nord, Île-de-France, Provence;https://observatoire-biodiversite-npdc.fr/dossiers/que-faire-nid-frelon-asiatique-signalement/;2 (relais);Que faire face à un nid de frelon asiatique ? Signalement et intervention — Observatoire de la biodiversité du Nord–Pas-de-Calais | observatoire-biodiversite-npdc.fr/dossiers/que-faire-nid-frelon-asiatique-signalement | cet article;spot de masse : renforcer une page relais plutôt que le site principal;formulaire de commentaire natif | captcha détecté sur la page;;;requete : destruction nid de frelons entreprise Lille Nord désinsectisation;2026-09-26;2026-09-26;a-traiter;
63;47;91;Inscription requise;Forum;https://guepes-frelons.forumgratuit.org/t2122-une-autre-lutte-contre-les-frelons;guepes-frelons.forumgratuit.org;Une autre lutte contre les FRELONS;e-monsite;oui;inconnu;nofollow;non;non;?;83 % (GPTBot, OAI-SearchBot, ClaudeBot, PerplexityBot, Google-Extended);frelon, frelons, frelon asiatique, frelon européen, guêpes, nid de frelons, vespa velutina, abeilles;Charente, Charente-Maritime;https://observatoire-biodiversite-npdc.fr/especes/frelon-asiatique/;2 (relais);Frelon asiatique (Vespa velutina nigrithorax) — Observatoire de la biodiversité du Nord–Pas-de-Calais | observatoire-biodiversite-npdc.fr/especes/frelon-asiatique | cet article;score SEO 47 < 60;structure de forum (sujets, inscription) | liens dans les messages : nofollow;;https://guepes-frelons.forumgratuit.org/register;lien-interne : guepes-frelons.forumgratuit.org;2026-09-26;2026-09-26;a-traiter;
63;47;91;Inscription requise;Forum;https://guepes-frelons.forumgratuit.org/t2125-nid-de-frelons-europeen-entre-mur-facade-et-mur-interieur-innaccessible-solution-pour-deplacer-le-nid-vers-nichoir-a-frelons;guepes-frelons.forumgratuit.org;Nid de frelons européen entre mur facade et mur intérieur innaccessible - solution pour déplacer le nid vers nichoir à Frelons;e-monsite;oui;inconnu;nofollow;non;non;?;83 % (GPTBot, OAI-SearchBot, ClaudeBot, PerplexityBot, Google-Extended);frelon, frelons, frelon asiatique, frelon européen, guêpes, nid de frelons, abeilles, apiculteur;Charente, Charente-Maritime, Haute-Vienne;https://observatoire-biodiversite-npdc.fr/dossiers/que-faire-nid-frelon-asiatique-signalement/;2 (relais);Que faire face à un nid de frelon asiatique ? Signalement et intervention — Observatoire de la biodiversité du Nord–Pas-de-Calais | observatoire-biodiversite-npdc.fr/dossiers/que-faire-nid-frelon-asiatique-signalement | cet article;score SEO 47 < 60;structure de forum (sujets, inscription) | liens dans les messages : nofollow;;https://guepes-frelons.forumgratuit.org/register;lien-interne : guepes-frelons.forumgratuit.org;2026-09-26;2026-09-26;a-traiter;
63;47;91;Inscription requise;Forum;https://guepes-frelons.forumgratuit.org/t40-comment-poster-une-photo-tutoriel;guepes-frelons.forumgratuit.org;Comment poster une photo : tutoriel;e-monsite;oui;inconnu;nofollow;non;non;?;83 % (GPTBot, OAI-SearchBot, ClaudeBot, PerplexityBot, Google-Extended);frelon, frelons, frelon asiatique, guêpes, nid de frelons;Yvelines;https://observatoire-biodiversite-npdc.fr/dossiers/que-faire-nid-frelon-asiatique-signalement/;2 (relais);Que faire face à un nid de frelon asiatique ? Signalement et intervention — Observatoire de la biodiversité du Nord–Pas-de-Calais | observatoire-biodiversite-npdc.fr/dossiers/que-faire-nid-frelon-asiatique-signalement | cet article;score SEO 47 < 60;structure de forum (sujets, inscription) | liens dans les messages : nofollow;;https://guepes-frelons.forumgratuit.org/register;lien-interne : guepes-frelons.forumgratuit.org;2026-09-26;2026-09-26;a-traiter;
63;47;91;Inscription requise;Forum;https://guepes-frelons.forumgratuit.org/t726-frelon-asiatique-nid-en-construction;guepes-frelons.forumgratuit.org;Frelon asiatique : nid en construction ?;e-monsite;oui;inconnu;nofollow;non;non;?;83 % (GPTBot, OAI-SearchBot, ClaudeBot, PerplexityBot, Google-Extended);frelon, frelons, frelon asiatique, frelon européen, guêpes, nid de frelons, vespa velutina, abeille;Nord;https://observatoire-biodiversite-npdc.fr/dossiers/que-faire-nid-frelon-asiatique-signalement/;2 (relais);Que faire face à un nid de frelon asiatique ? Signalement et intervention — Observatoire de la biodiversité du Nord–Pas-de-Calais | observatoire-biodiversite-npdc.fr/dossiers/que-faire-nid-frelon-asiatique-signalement | cet article;score SEO 47 < 60;structure de forum (sujets, inscription) | liens dans les messages : nofollow;;https://guepes-frelons.forumgratuit.org/register;requete : frelon asiatique forum nid que faire;2026-09-26;2026-09-26;a-traiter;
63;47;91;Inscription requise;Forum;https://www.apiculture-france.com/t32645-presentation-retour-a-l-apiculture-et-sur-ce-forum;apiculture-france.com;Présentation, retour à l'apiculture et sur ce forum;phpBB;oui;inconnu;nofollow;non;non;?;83 % (GPTBot, OAI-SearchBot, ClaudeBot, PerplexityBot, Google-Extended);frelon, frelon asiatique, abeille, abeilles, apiculture, ruche, nature, bricolage;Pas-de-Calais, Bretagne, Dordogne, Doubs, Gironde, Isère;https://www.entreprisenettoyageparis.fr/top-3-entreprises-destruction-nids-de-guepes-et-frelons-a-paris/;2 (relais);Top 3 des entreprises de destruction nids de guêpes et frelons à Paris | www.entreprisenettoyageparis.fr/top-3-entreprises-destruction-nids-de-guepes-et-frelons-a-paris | cet article;score SEO 47 < 60;forum phpBB | liens dans les messages : nofollow;;https://www.apiculture-france.com/register;lien-interne : apiculture-france.com;2026-09-26;2026-09-26;a-traiter;
63;47;91;Inscription requise;Forum;https://www.apiculture-france.com/t32669-lutte-contre-le-frelon-asiatique;apiculture-france.com;Lutte contre le frelon asiatique;phpBB;oui;inconnu;nofollow;non;non;?;83 % (GPTBot, OAI-SearchBot, ClaudeBot, PerplexityBot, Google-Extended);frelon, frelons, frelon asiatique, abeille, abeilles, apiculture, ruche, nature;Pas-de-Calais, Nice, Bretagne, Auvergne-Rhône-Alpes;https://observatoire-biodiversite-npdc.fr/especes/frelon-asiatique/;2 (relais);Frelon asiatique (Vespa velutina nigrithorax) — Observatoire de la biodiversité du Nord–Pas-de-Calais | observatoire-biodiversite-npdc.fr/especes/frelon-asiatique | cet article;score SEO 47 < 60;forum phpBB | liens dans les messages : nofollow;;https://www.apiculture-france.com/register;requete : forum apiculture frelon asiatique piège ruches;2026-09-26;2026-09-26;a-traiter;
63;66;61;Inscription requise;Forum;https://www.aujardin.org/;aujardin.org;Au jardin, forum de jardinage - Page d’accueil;phpBB;oui;inconnu;dofollow;non;non;?;61 % (OAI-SearchBot, Google-Extended);abeilles, insectes, jardin, jardinage, potager, nature, maison, bricolage;;https://allo-frelons.fr/abeilles;1 (site);ALLO FRELONS | allo-frelons.fr/abeilles;score SEO 66 ≥ 60, liens dofollow;forum phpBB | liens dans les messages : dofollow;;https://www.aujardin.org/ucp.php?mode=register;graine;2026-09-26;2026-09-26;a-traiter;
63;52;84;Inscription requise;Forum;https://www.econologie.com/forums/sans-reponses.html;econologie.com;Forum Écologie, Énergies, Réparation, Maison, Bricolage et Innovations Durables - Messages sans réponse;phpBB;oui;inconnu;inconnu;non;non;?;100 % (GPTBot, OAI-SearchBot, ClaudeBot, PerplexityBot, Google-Extended);jardin, jardinage, potager, maison, bricolage;Wallonie;https://observatoire-biodiversite-npdc.fr/dossiers/que-faire-nid-frelon-asiatique-signalement/;2 (relais);Que faire face à un nid de frelon asiatique ? Signalement et intervention — Observatoire de la biodiversité du Nord–Pas-de-Calais | observatoire-biodiversite-npdc.fr/dossiers/que-faire-nid-frelon-asiatique-signalement | cet article;score SEO 52 < 60;forum phpBB;;https://www.econologie.com/forums/ucp.php?mode=register;lien-interne : econologie.com;2026-09-26;2026-09-26;a-traiter;
63;53;83;Inscription requise;Forum;https://www.salamandre.org/forum/coucou-sam-jespere-que-tu-vas-bien-moi-je-vais-bien-est-ce-que-je-peux-te-poser-une-question-je-sais-que-le-frelon-asiatique-est-lun-des-plus-dangereux-frelon-mais-pourquoi-viennent-ils-en-fra/;salamandre.org;Coucou Sam, j'espère que tu vas bien. Moi je vais bien. Est-ce que je peux te poser une question. Je sais que le frelon asiatique est l'un…;WordPress;oui;inconnu;inconnu;non;oui;?;100 % (GPTBot, OAI-SearchBot, ClaudeBot, PerplexityBot, Google-Extended);frelon, frelon asiatique, abeilles, insecte, insectes, jardin, nature, animaux;;https://observatoire-biodiversite-npdc.fr/especes/frelon-asiatique/;2 (relais);Frelon asiatique (Vespa velutina nigrithorax) — Observatoire de la biodiversité du Nord–Pas-de-Calais | observatoire-biodiversite-npdc.fr/especes/frelon-asiatique | cet article;score SEO 53 < 60;structure de forum (sujets, inscription) | captcha détecté sur la page;;https://www.salamandre.org/connexion/;"requete : frelon asiatique ""poser une question""";2026-09-26;2026-09-26;a-traiter;
63;68;72;Contact à prendre;Article invité / communiqué;https://mon-balcon-jardin.com/debuter-en-jardinage-sur-votre-balcon-article-invite/;mon-balcon-jardin.com;Débuter en jardinage sur votre balcon : article invité - Mon balcon-jardin;WordPress;oui;inconnu;dofollow;oui;oui;?;100 % (GPTBot, OAI-SearchBot, ClaudeBot, PerplexityBot, Google-Extended);jardin, jardinage, potager;;https://allo-frelons.fr/;1 (site);ALLO FRELONS | allo-frelons.fr;spot éditorial : lien direct vers le site;formulaire de commentaire natif (#commentform) | champ « site web » dans le formulaire | liens des commentaires : nofollow | contribution proposée : « article invite » | captcha détecté sur la page;;;"requete : ""article invité"" maison jardin blog proposer";2026-09-26;2026-09-26;a-traiter;
62;57;74;Inscription requise;Forum;https://forum-apiculture.forumactif.org/c3-les-techniques-apicoles;forum-apiculture.forumactif.org;LES TECHNIQUES APICOLES;Canalblog;oui;inconnu;dofollow;non;non;?;83 % (GPTBot, OAI-SearchBot, ClaudeBot, PerplexityBot, Google-Extended);frelon, frelon asiatique, abeilles, apiculture, ruche, bricolage, pollinisateurs;;https://www.entreprisenettoyageparis.fr/top-3-entreprises-destruction-nids-de-guepes-et-frelons-a-paris/;2 (relais);Top 3 des entreprises de destruction nids de guêpes et frelons à Paris | www.entreprisenettoyageparis.fr/top-3-entreprises-destruction-nids-de-guepes-et-frelons-a-paris | cet article;score SEO 57 < 60;structure de forum (sujets, inscription) | liens dans les messages : dofollow;;https://forum-apiculture.forumactif.org/register;lien-interne : forum-apiculture.forumactif.org;2026-09-26;2026-09-26;a-traiter;
62;59;71;Inscription requise;Forum;https://forum-apiculture.forumactif.org/images;forum-apiculture.forumactif.org;Dernières images et photos - Forum apiculture..abeilles et déconne,..et....?????????;Canalblog;oui;inconnu;dofollow;non;non;?;83 % (GPTBot, OAI-SearchBot, ClaudeBot, PerplexityBot, Google-Extended);frelon, frelon asiatique, abeilles, apiculture, ruche, nature, pollinisateurs;;https://observatoire-biodiversite-npdc.fr/dossiers/que-faire-nid-frelon-asiatique-signalement/;2 (relais);Que faire face à un nid de frelon asiatique ? Signalement et intervention — Observatoire de la biodiversité du Nord–Pas-de-Calais | observatoire-biodiversite-npdc.fr/dossiers/que-faire-nid-frelon-asiatique-signalement | cet article;score SEO 59 < 60;structure de forum (sujets, inscription) | liens dans les messages : dofollow;;https://forum-apiculture.forumactif.org/register;lien-interne : forum-apiculture.forumactif.org;2026-09-26;2026-09-26;a-traiter;
62;57;74;Inscription requise;Forum;https://forum-apiculture.forumactif.org/t2978-recherche-terrain-_-annecy-le-vieux-74;forum-apiculture.forumactif.org;Recherche Terrain _ Annecy le vieux 74;Canalblog;oui;inconnu;dofollow;non;non;?;83 % (GPTBot, OAI-SearchBot, ClaudeBot, PerplexityBot, Google-Extended);frelon, frelon asiatique, abeilles, apiculture, apiculteur, ruche, pollinisateurs;;https://observatoire-biodiversite-npdc.fr/dossiers/que-faire-nid-frelon-asiatique-signalement/;2 (relais);Que faire face à un nid de frelon asiatique ? Signalement et intervention — Observatoire de la biodiversité du Nord–Pas-de-Calais | observatoire-biodiversite-npdc.fr/dossiers/que-faire-nid-frelon-asiatique-signalement | cet article;score SEO 57 < 60;structure de forum (sujets, inscription) | liens dans les messages : dofollow;;https://forum-apiculture.forumactif.org/register;lien-interne : forum-apiculture.forumactif.org;2026-09-26;2026-09-26;a-traiter;
62;65;60;Inscription requise;Forum;https://www.aujardin.org/viewforum.php?f=49;aujardin.org;À l'identification - Au jardin, forum de jardinage;phpBB;oui;inconnu;dofollow;non;non;?;61 % (OAI-SearchBot, Google-Extended);abeilles, insecte, jardin, jardinage, potager, nature, maison, bricolage;;https://allo-frelons.fr/abeilles;1 (site);ALLO FRELONS | allo-frelons.fr/abeilles;score SEO 65 ≥ 60, liens dofollow;forum phpBB | liens dans les messages : dofollow;;https://www.aujardin.org/ucp.php?mode=register;lien-interne : aujardin.org;2026-09-26;2026-09-26;a-traiter;
62;51;83;Inscription requise;Forum;https://www.econologie.com/forums/non-lu.html;econologie.com;Forum Écologie, Énergies, Réparation, Maison, Bricolage et Innovations Durables - Messages non lus;phpBB;oui;inconnu;inconnu;non;non;?;100 % (GPTBot, OAI-SearchBot, ClaudeBot, PerplexityBot, Google-Extended);jardin, jardinage, potager, maison, bricolage;Gironde;https://observatoire-biodiversite-npdc.fr/especes/frelon-asiatique/;2 (relais);Frelon asiatique (Vespa velutina nigrithorax) — Observatoire de la biodiversité du Nord–Pas-de-Calais | observatoire-biodiversite-npdc.fr/especes/frelon-asiatique | cet article;score SEO 51 < 60;forum phpBB;;https://www.econologie.com/forums/ucp.php?mode=register;lien-interne : econologie.com;2026-09-26;2026-09-26;a-traiter;
62;67;71;Contact à prendre;Article invité / communiqué;https://mon-balcon-jardin.com/organiser-son-potager-de-balcon-article-invite/;mon-balcon-jardin.com;Organiser son potager de balcon : article invité - Mon balcon-jardin;WordPress;oui;inconnu;dofollow;oui;oui;?;100 % (GPTBot, OAI-SearchBot, ClaudeBot, PerplexityBot, Google-Extended);jardin, potager;;https://allo-frelons.fr/;1 (site);ALLO FRELONS | allo-frelons.fr;spot éditorial : lien direct vers le site;formulaire de commentaire natif (#commentform) | champ « site web » dans le formulaire | liens des commentaires : nofollow | contribution proposée : « article invite » | captcha détecté sur la page;;;"requete : ""article invité"" maison jardin blog proposer";2026-09-26;2026-09-26;a-traiter;
61;56;73;Inscription requise;Forum;https://forum-apiculture.forumactif.org/t1479p50-recolte-de-propolis;forum-apiculture.forumactif.org;Récolte de propolis - Page 3;Canalblog;oui;inconnu;dofollow;non;non;?;83 % (GPTBot, OAI-SearchBot, ClaudeBot, PerplexityBot, Google-Extended);frelon, frelon asiatique, abeilles, apiculture, ruche, nature, pollinisateurs;;https://observatoire-biodiversite-npdc.fr/especes/frelon-asiatique/;2 (relais);Frelon asiatique (Vespa velutina nigrithorax) — Observatoire de la biodiversité du Nord–Pas-de-Calais | observatoire-biodiversite-npdc.fr/especes/frelon-asiatique | cet article;score SEO 56 < 60;structure de forum (sujets, inscription) | liens dans les messages : dofollow;;https://forum-apiculture.forumactif.org/register;lien-interne : forum-apiculture.forumactif.org;2026-09-26;2026-09-26;a-traiter;
61;56;73;Inscription requise;Forum;https://forum-apiculture.forumactif.org/t2990-cherche-des-reines-fecondees;forum-apiculture.forumactif.org;Cherche des reines fécondées;Canalblog;oui;inconnu;dofollow;non;non;?;83 % (GPTBot, OAI-SearchBot, ClaudeBot, PerplexityBot, Google-Extended);frelon, frelon asiatique, abeilles, apiculture, ruche, pollinisateurs;;https://www.entreprisenettoyageparis.fr/top-3-entreprises-destruction-nids-de-guepes-et-frelons-a-paris/;2 (relais);Top 3 des entreprises de destruction nids de guêpes et frelons à Paris | www.entreprisenettoyageparis.fr/top-3-entreprises-destruction-nids-de-guepes-et-frelons-a-paris | cet article;score SEO 56 < 60;structure de forum (sujets, inscription) | liens dans les messages : dofollow;;https://forum-apiculture.forumactif.org/register;lien-interne : forum-apiculture.forumactif.org;2026-09-26;2026-09-26;a-traiter;
61;51;81;Inscription requise;Forum;https://freelons.fr/ressources/rubrique/4-protocoles-gds.html;freelons.fr;Protocoles GDS;PrestaShop;oui;inconnu;inconnu;non;non;?;100 % (GPTBot, OAI-SearchBot, ClaudeBot, PerplexityBot, Google-Extended);frelon, frelons, frelon asiatique, apiculteur;;https://www.entreprisenettoyageparis.fr/top-3-entreprises-destruction-nids-de-guepes-et-frelons-a-paris/;2 (relais);Top 3 des entreprises de destruction nids de guêpes et frelons à Paris | www.entreprisenettoyageparis.fr/top-3-entreprises-destruction-nids-de-guepes-et-frelons-a-paris | cet article;score SEO 51 < 60;structure de forum (sujets, inscription);;https://freelons.fr/content/9-inscription-organisateur;utile : page-liens;2026-09-26;2026-09-26;a-traiter;
61;51;81;Inscription requise;Forum;https://freelons.fr/ressources/rubrique/5-tutoriels.html;freelons.fr;Tutos Vidéos;PrestaShop;oui;inconnu;inconnu;non;non;?;100 % (GPTBot, OAI-SearchBot, ClaudeBot, PerplexityBot, Google-Extended);frelon, frelons, frelon asiatique, apiculteur;;https://observatoire-biodiversite-npdc.fr/especes/frelon-asiatique/;2 (relais);Frelon asiatique (Vespa velutina nigrithorax) — Observatoire de la biodiversité du Nord–Pas-de-Calais | observatoire-biodiversite-npdc.fr/especes/frelon-asiatique | cet article;score SEO 51 < 60;structure de forum (sujets, inscription);;https://freelons.fr/content/9-inscription-organisateur;utile : page-liens;2026-09-26;2026-09-26;a-traiter;
61;51;80;Inscription requise;Forum;https://freelons.fr/ressources/sujet/56-bilan-2025-piegeage-2026.html;freelons.fr;Bilan 2025 + Piégeage 2026;PrestaShop;oui;inconnu;inconnu;non;non;?;100 % (GPTBot, OAI-SearchBot, ClaudeBot, PerplexityBot, Google-Extended);frelon, frelons, frelon asiatique, apiculteur, pollinisateurs;;https://www.entreprisenettoyageparis.fr/top-3-entreprises-destruction-nids-de-guepes-et-frelons-a-paris/;2 (relais);Top 3 des entreprises de destruction nids de guêpes et frelons à Paris | www.entreprisenettoyageparis.fr/top-3-entreprises-destruction-nids-de-guepes-et-frelons-a-paris | cet article;score SEO 51 < 60;structure de forum (sujets, inscription);;https://freelons.fr/content/9-inscription-organisateur;utile : page-liens;2026-09-26;2026-09-26;a-traiter;
61;50;82;Inscription requise;Forum;https://www.apiculture-france.com/;apiculture-france.com;forum : abeilles et apiculture;phpBB;oui;inconnu;inconnu;non;non;?;83 % (GPTBot, OAI-SearchBot, ClaudeBot, PerplexityBot, Google-Extended);frelon, frelon asiatique, abeilles, apiculture;Pas-de-Calais, Bourgogne, Bretagne;https://observatoire-biodiversite-npdc.fr/especes/frelon-asiatique/;2 (relais);Frelon asiatique (Vespa velutina nigrithorax) — Observatoire de la biodiversité du Nord–Pas-de-Calais | observatoire-biodiversite-npdc.fr/especes/frelon-asiatique | cet article;score SEO 50 < 60;forum phpBB;;https://www.apiculture-france.com/register;graine;2026-09-26;2026-09-26;a-traiter;
61;64;59;Inscription requise;Forum;https://www.aujardin.org/viewforum.php?f=119;aujardin.org;Aux articles - Au jardin, forum de jardinage;phpBB;oui;inconnu;dofollow;non;non;?;61 % (OAI-SearchBot, Google-Extended);abeilles, jardin, jardinage, potager, nature, maison, bricolage, animaux;;https://allo-frelons.fr/abeilles;1 (site);ALLO FRELONS | allo-frelons.fr/abeilles;score SEO 64 ≥ 60, liens dofollow;forum phpBB | liens dans les messages : dofollow;;https://www.aujardin.org/ucp.php?mode=register;lien-interne : aujardin.org;2026-09-26;2026-09-26;a-traiter;
61;64;59;Inscription requise;Forum;https://www.aujardin.org/viewforum.php?f=16;aujardin.org;Identification d'une maladie ou d'un parasite - Au jardin, forum de jardinage;phpBB;oui;inconnu;dofollow;non;non;?;61 % (OAI-SearchBot, Google-Extended);abeilles, jardin, jardinage, potager, nature, maison, bricolage, animaux;;https://allo-frelons.fr/abeilles;1 (site);ALLO FRELONS | allo-frelons.fr/abeilles;score SEO 64 ≥ 60, liens dofollow;forum phpBB | liens dans les messages : dofollow;;https://www.aujardin.org/ucp.php?mode=register;lien-interne : aujardin.org;2026-09-26;2026-09-26;a-traiter;
61;64;59;Inscription requise;Forum;https://www.aujardin.org/viewforum.php?f=43;aujardin.org;Aux cactus et plantes grasses - Au jardin, forum de jardinage;phpBB;oui;inconnu;dofollow;non;non;?;61 % (OAI-SearchBot, Google-Extended);abeilles, jardin, jardinage, potager, nature, maison, bricolage, animaux;;https://allo-frelons.fr/abeilles;1 (site);ALLO FRELONS | allo-frelons.fr/abeilles;score SEO 64 ≥ 60, liens dofollow;forum phpBB | liens dans les messages : dofollow;;https://www.aujardin.org/ucp.php?mode=register;lien-interne : aujardin.org;2026-09-26;2026-09-26;a-traiter;
61;64;59;Inscription requise;Forum;https://www.aujardin.org/viewforum.php?f=70;aujardin.org;Aux techniques - Au jardin, forum de jardinage;phpBB;oui;inconnu;dofollow;non;non;?;61 % (OAI-SearchBot, Google-Extended);abeilles, jardin, jardinage, potager, nature, maison, bricolage, animaux;;https://allo-frelons.fr/abeilles;1 (site);ALLO FRELONS | allo-frelons.fr/abeilles;score SEO 64 ≥ 60, liens dofollow;forum phpBB | liens dans les messages : dofollow;;https://www.aujardin.org/ucp.php?mode=register;lien-interne : aujardin.org;2026-09-26;2026-09-26;a-traiter;
61;64;59;Inscription requise;Forum;https://www.aujardin.org/viewforum.php?f=86;aujardin.org;Au verger - Au jardin, forum de jardinage;phpBB;oui;inconnu;dofollow;non;non;?;61 % (OAI-SearchBot, Google-Extended);abeilles, jardin, jardinage, potager, nature, maison, bricolage, animaux;;https://allo-frelons.fr/abeilles;1 (site);ALLO FRELONS | allo-frelons.fr/abeilles;score SEO 64 ≥ 60, liens dofollow;forum phpBB | liens dans les messages : dofollow;;https://www.aujardin.org/ucp.php?mode=register;lien-interne : aujardin.org;2026-09-26;2026-09-26;a-traiter;
61;50;82;Inscription requise;Forum;https://www.econologie.com/forums/energies-renouvelables/projet-d-etude-questionnaire-installations-de-productions-d-energies-renouvelables-t17501.html;econologie.com;Projet d'étude (questionnaire) installations de productions d'énergies renouvelables - Forum Écologie, Énergies, Réparation, Maison,…;phpBB;oui;inconnu;inconnu;non;non;?;100 % (GPTBot, OAI-SearchBot, ClaudeBot, PerplexityBot, Google-Extended);jardin, jardinage, potager, maison, bricolage;Nantes;https://www.entreprisenettoyageparis.fr/top-3-entreprises-destruction-nids-de-guepes-et-frelons-a-paris/;2 (relais);Top 3 des entreprises de destruction nids de guêpes et frelons à Paris | www.entreprisenettoyageparis.fr/top-3-entreprises-destruction-nids-de-guepes-et-frelons-a-paris | cet article;score SEO 50 < 60;forum phpBB;;https://www.econologie.com/forums/ucp.php?mode=register;lien-interne : econologie.com;2026-09-26;2026-09-26;a-traiter;
61;50;82;Inscription requise;Forum;https://www.econologie.com/forums/medias/;econologie.com;Medias et actualités: émissions TV, reportages, livres, actualités... - Forum Écologie, Énergies, Réparation, Maison, Bricolage et…;phpBB;oui;inconnu;inconnu;non;non;?;100 % (GPTBot, OAI-SearchBot, ClaudeBot, PerplexityBot, Google-Extended);jardin, jardinage, potager, maison, bricolage;Paris, Guadeloupe;https://www.entreprisenettoyageparis.fr/top-3-entreprises-destruction-nids-de-guepes-et-frelons-a-paris/;2 (relais);Top 3 des entreprises de destruction nids de guêpes et frelons à Paris | www.entreprisenettoyageparis.fr/top-3-entreprises-destruction-nids-de-guepes-et-frelons-a-paris | cet article;score SEO 50 < 60;forum phpBB;;https://www.econologie.com/forums/ucp.php?mode=register;lien-interne : econologie.com;2026-09-26;2026-09-26;a-traiter;
60;50;79;Inscription requise;Forum;https://freelons.fr/ressources/sujet/41-presentation-rapide-du-module-de-piegeage.html;freelons.fr;Présentation rapide du module de piégeage;PrestaShop;oui;inconnu;inconnu;non;non;?;100 % (GPTBot, OAI-SearchBot, ClaudeBot, PerplexityBot, Google-Extended);frelon, frelons, frelon asiatique, apiculteur;;https://observatoire-biodiversite-npdc.fr/especes/frelon-asiatique/;2 (relais);Frelon asiatique (Vespa velutina nigrithorax) — Observatoire de la biodiversité du Nord–Pas-de-Calais | observatoire-biodiversite-npdc.fr/especes/frelon-asiatique | cet article;score SEO 50 < 60;structure de forum (sujets, inscription);;https://freelons.fr/content/9-inscription-organisateur;utile : page-liens;2026-09-26;2026-09-26;a-traiter;
60;50;79;Inscription requise;Forum;https://www.econologie.com/forums/agriculture/mon-potager-du-50-questions-t17165.html;econologie.com;Mon potager du 50 - questions - Forum Écologie, Énergies, Réparation, Maison, Bricolage et Innovations Durables;phpBB;oui;inconnu;inconnu;non;non;?;100 % (GPTBot, OAI-SearchBot, ClaudeBot, PerplexityBot, Google-Extended);jardin, jardinage, potager, maison, bricolage;;https://www.entreprisenettoyageparis.fr/top-3-entreprises-destruction-nids-de-guepes-et-frelons-a-paris/;2 (relais);Top 3 des entreprises de destruction nids de guêpes et frelons à Paris | www.entreprisenettoyageparis.fr/top-3-entreprises-destruction-nids-de-guepes-et-frelons-a-paris | cet article;score SEO 50 < 60;forum phpBB;;https://www.econologie.com/forums/ucp.php?mode=register;lien-interne : econologie.com;2026-09-26;2026-09-26;a-traiter;
58;46;65;Immédiat (formulaire);Commentaire de blog;https://www.anti-nuisible.com/apiculteurs-frelon-asiatique/;anti-nuisible.com;Pourquoi les apiculteurs redoutent le frelon asiatique ? Menace sur les ruches;WordPress;oui;inconnu;inconnu;non;non;?;100 % (GPTBot, OAI-SearchBot, ClaudeBot, PerplexityBot, Google-Extended);frelon, frelons, frelon asiatique, guêpes, nuisibles, vespa velutina, abeilles, ruche;;https://observatoire-biodiversite-npdc.fr/especes/frelon-asiatique/;2 (relais);Frelon asiatique (Vespa velutina nigrithorax) — Observatoire de la biodiversité du Nord–Pas-de-Calais | observatoire-biodiversite-npdc.fr/especes/frelon-asiatique | cet article;spot de masse : renforcer une page relais plutôt que le site principal;formulaire de commentaire natif (#commentform);;;"requete : apiculteur blog frelon asiatique ""commentaires""";2026-09-26;2026-09-26;a-traiter;
58;45;65;Immédiat (formulaire);Commentaire de blog;https://www.naturapi.com/naturapicafe/comment-proteger-ses-ruches-du-frelon-asiatique/;naturapi.com;Le Frelon Asiatique - Naturapi Blog;WordPress;oui;inconnu;inconnu;non;oui;?;100 % (GPTBot, OAI-SearchBot, ClaudeBot, PerplexityBot, Google-Extended);frelon, frelons, frelon asiatique, frelon européen, nid de frelons, vespa velutina, abeilles, apiculture;;https://observatoire-biodiversite-npdc.fr/especes/frelon-asiatique/;2 (relais);Frelon asiatique (Vespa velutina nigrithorax) — Observatoire de la biodiversité du Nord–Pas-de-Calais | observatoire-biodiversite-npdc.fr/especes/frelon-asiatique | cet article;spot de masse : renforcer une page relais plutôt que le site principal;formulaire de commentaire natif (#commentform) | captcha détecté sur la page;;;"requete : apiculteur blog frelon asiatique ""commentaires""";2026-09-26;2026-09-26;a-traiter;
58;51;72;Inscription requise;Forum;https://www.aquajardin.net/forum/app.php/help/faq;aquajardin.net;Forum Aquajardin - Bassin koï, mare, étang - Foire aux questions (Questions posées fréquemment);phpBB;oui;inconnu;dofollow;non;non;?;100 % (GPTBot, OAI-SearchBot, ClaudeBot, PerplexityBot, Google-Extended);jardin, nature, bricolage;Paris;https://www.entreprisenettoyageparis.fr/top-3-entreprises-destruction-nids-de-guepes-et-frelons-a-paris/;2 (relais);Top 3 des entreprises de destruction nids de guêpes et frelons à Paris | www.entreprisenettoyageparis.fr/top-3-entreprises-destruction-nids-de-guepes-et-frelons-a-paris | cet article;score SEO 51 < 60;forum phpBB | liens dans les messages : dofollow;;https://www.aquajardin.net/forum/ucp.php?mode=register;lien-interne : aquajardin.net;2026-09-26;2026-09-26;a-traiter;
58;46;78;Inscription requise;Forum;https://www.aquajardin.net/forum/viewforum.php?f=23;aquajardin.net;Discussion générale - Forum Aquajardin - Bassin koï, mare, étang;phpBB;oui;inconnu;inconnu;non;non;?;100 % (GPTBot, OAI-SearchBot, ClaudeBot, PerplexityBot, Google-Extended);guêpes, nid de guêpes, jardin, nature, biodiversité, maison, bricolage, extermination;Dordogne;https://www.entreprisenettoyageparis.fr/top-3-entreprises-destruction-nids-de-guepes-et-frelons-a-paris/;2 (relais);Top 3 des entreprises de destruction nids de guêpes et frelons à Paris | www.entreprisenettoyageparis.fr/top-3-entreprises-destruction-nids-de-guepes-et-frelons-a-paris | cet article;score SEO 46 < 60;forum phpBB;;https://www.aquajardin.net/forum/ucp.php?mode=register;lien-interne : aquajardin.net;2026-09-26;2026-09-26;a-traiter;
58;48;77;Inscription requise;Forum;https://www.econologie.com/forums/;econologie.com;Forum Écologie, Énergies, Réparation, Maison, Bricolage et Innovations Durables - Accueil et sujets récents;phpBB;oui;inconnu;inconnu;non;non;?;100 % (GPTBot, OAI-SearchBot, ClaudeBot, PerplexityBot, Google-Extended);jardin, jardinage, potager, maison, bricolage;;https://observatoire-biodiversite-npdc.fr/dossiers/que-faire-nid-frelon-asiatique-signalement/;2 (relais);Que faire face à un nid de frelon asiatique ? Signalement et intervention — Observatoire de la biodiversité du Nord–Pas-de-Calais | observatoire-biodiversite-npdc.fr/dossiers/que-faire-nid-frelon-asiatique-signalement | cet article;score SEO 48 < 60;forum phpBB;;https://www.econologie.com/forums/ucp.php?mode=register;graine;2026-09-26;2026-09-26;a-traiter;
58;50;74;Inscription requise;Questions / réponses;https://www.vienne-condrieu-agglomeration.fr/valoriser-et-preserver/climat-air-energie/que-font-lagglo-et-ses-partenaires;vienne-condrieu-agglomeration.fr;Que font l'Agglo et ses partenaires ?;TYPO3;oui;inconnu;dofollow;non;non;?;100 % (GPTBot, OAI-SearchBot, ClaudeBot, PerplexityBot, Google-Extended);biodiversité, maison;Rhône;https://observatoire-biodiversite-npdc.fr/dossiers/que-faire-nid-frelon-asiatique-signalement/;2 (relais);Que faire face à un nid de frelon asiatique ? Signalement et intervention — Observatoire de la biodiversité du Nord–Pas-de-Calais | observatoire-biodiversite-npdc.fr/dossiers/que-faire-nid-frelon-asiatique-signalement | cet article;score SEO 50 < 60;questions/réponses : « poser une question »;;;utile : page-liens;2026-09-26;2026-09-26;a-traiter;
57;50;55;Immédiat (formulaire);Commentaire de blog;https://www.mesdepanneurs.fr/blog/installation-moustiquaire;mesdepanneurs.fr;Comment installer une moustiquaire ? Nos astuces avec ou sans perçage| MesDépanneurs.fr;Drupal;oui;inconnu;dofollow;oui;non;?;100 % (GPTBot, OAI-SearchBot, ClaudeBot, PerplexityBot, Google-Extended);nuisibles, insectes;;https://observatoire-biodiversite-npdc.fr/dossiers/que-faire-nid-frelon-asiatique-signalement/;2 (relais);Que faire face à un nid de frelon asiatique ? Signalement et intervention — Observatoire de la biodiversité du Nord–Pas-de-Calais | observatoire-biodiversite-npdc.fr/dossiers/que-faire-nid-frelon-asiatique-signalement | cet article;spot de masse : renforcer une page relais plutôt que le site principal;formulaire de commentaire natif (#comment-form) | champ « site web » dans le formulaire | 7 commentaire(s) déjà publié(s) | liens des commentaires : dofollow;;;lien-interne : mesdepanneurs.fr;2026-09-26;2026-09-26;a-traiter;
57;42;83;Inscription requise;Forum;https://forums.futura-sciences.com/jardinage/327806-nid-de-guepe.html;futura-sciences.com;Nid de guêpe;vBulletin;oui;inconnu;nofollow;non;non;?;100 % (GPTBot, OAI-SearchBot, ClaudeBot, PerplexityBot, Google-Extended);frelon, frelons, frelon asiatique, guêpe, guêpes, nid de guêpes, abeille, abeilles;;https://observatoire-biodiversite-npdc.fr/dossiers/que-faire-nid-frelon-asiatique-signalement/;2 (relais);Que faire face à un nid de frelon asiatique ? Signalement et intervention — Observatoire de la biodiversité du Nord–Pas-de-Calais | observatoire-biodiversite-npdc.fr/dossiers/que-faire-nid-frelon-asiatique-signalement | cet article;score SEO 42 < 60;forum vBulletin | liens dans les messages : nofollow;;https://forums.futura-sciences.com/register.php;requete : nid de guêpes forum jardin conseils;2026-09-26;2026-09-26;a-traiter;
57;42;83;Inscription requise;Forum;https://guepes-frelons.forumgratuit.org/t1580-nid-frelon-dans-un-mur;guepes-frelons.forumgratuit.org;Nid frelon dans un mur;e-monsite;oui;inconnu;nofollow;non;non;?;83 % (GPTBot, OAI-SearchBot, ClaudeBot, PerplexityBot, Google-Extended);frelon, frelons, frelon asiatique, guêpes, nid de frelons, maison;;https://observatoire-biodiversite-npdc.fr/dossiers/que-faire-nid-frelon-asiatique-signalement/;2 (relais);Que faire face à un nid de frelon asiatique ? Signalement et intervention — Observatoire de la biodiversité du Nord–Pas-de-Calais | observatoire-biodiversite-npdc.fr/dossiers/que-faire-nid-frelon-asiatique-signalement | cet article;score SEO 42 < 60;structure de forum (sujets, inscription) | liens dans les messages : nofollow;;https://guepes-frelons.forumgratuit.org/register;requete : nid de frelon asiatique forum bricolage témoignage;2026-09-26;2026-09-26;a-traiter;
57;42;83;Inscription requise;Forum;https://guepes-frelons.forumgratuit.org/t2060-nombreuses-guepes-dans-la-charpente;guepes-frelons.forumgratuit.org;Nombreuses guêpes dans la charpente;e-monsite;oui;inconnu;nofollow;non;non;?;83 % (GPTBot, OAI-SearchBot, ClaudeBot, PerplexityBot, Google-Extended);frelon, frelons, frelon asiatique, frelon européen, guêpe, guêpes, nid de frelons, insecte;;https://www.entreprisenettoyageparis.fr/top-3-entreprises-destruction-nids-de-guepes-et-frelons-a-paris/;2 (relais);Top 3 des entreprises de destruction nids de guêpes et frelons à Paris | www.entreprisenettoyageparis.fr/top-3-entreprises-destruction-nids-de-guepes-et-frelons-a-paris | cet article;score SEO 42 < 60;structure de forum (sujets, inscription) | liens dans les messages : nofollow;;https://guepes-frelons.forumgratuit.org/register;lien-interne : guepes-frelons.forumgratuit.org;2026-09-26;2026-09-26;a-traiter;
57;42;83;Inscription requise;Forum;https://guepes-frelons.forumgratuit.org/t2093-un-frelon-asiatique-dans-ma-maison-et-d-autres-qui-tournent-autour;guepes-frelons.forumgratuit.org;Un frelon asiatique dans ma maison et d'autres qui tournent autour;e-monsite;oui;inconnu;nofollow;non;non;?;83 % (GPTBot, OAI-SearchBot, ClaudeBot, PerplexityBot, Google-Extended);frelon, frelons, frelon asiatique, guêpes, nid de frelons, jardin, maison;;https://observatoire-biodiversite-npdc.fr/especes/frelon-asiatique/;2 (relais);Frelon asiatique (Vespa velutina nigrithorax) — Observatoire de la biodiversité du Nord–Pas-de-Calais | observatoire-biodiversite-npdc.fr/especes/frelon-asiatique | cet article;score SEO 42 < 60;structure de forum (sujets, inscription) | liens dans les messages : nofollow;;https://guepes-frelons.forumgratuit.org/register;requete : nid de frelon asiatique forum bricolage témoignage;2026-09-26;2026-09-26;a-traiter;
57;42;83;Inscription requise;Forum;https://guepes-frelons.forumgratuit.org/t2127-guepes-frelons-et-cypres;guepes-frelons.forumgratuit.org;Guepes, Frelons et cypres;e-monsite;oui;inconnu;nofollow;non;non;?;83 % (GPTBot, OAI-SearchBot, ClaudeBot, PerplexityBot, Google-Extended);frelon, frelons, frelon asiatique, guêpe, guêpes, nid de frelons, insectes, jardin;;https://observatoire-biodiversite-npdc.fr/especes/frelon-asiatique/;2 (relais);Frelon asiatique (Vespa velutina nigrithorax) — Observatoire de la biodiversité du Nord–Pas-de-Calais | observatoire-biodiversite-npdc.fr/especes/frelon-asiatique | cet article;score SEO 42 < 60;structure de forum (sujets, inscription) | liens dans les messages : nofollow;;https://guepes-frelons.forumgratuit.org/register;lien-interne : guepes-frelons.forumgratuit.org;2026-09-26;2026-09-26;a-traiter;
57;42;83;Inscription requise;Forum;https://guepes-frelons.forumgratuit.org/t2128-j-ai-2-nids-dans-les-combles;guepes-frelons.forumgratuit.org;J'ai 2 nids dans les combles;e-monsite;oui;inconnu;nofollow;non;non;?;83 % (GPTBot, OAI-SearchBot, ClaudeBot, PerplexityBot, Google-Extended);frelon, frelons, frelon asiatique, guêpe, guêpes, nid de frelons, nid de guêpes;;https://www.entreprisenettoyageparis.fr/top-3-entreprises-destruction-nids-de-guepes-et-frelons-a-paris/;2 (relais);Top 3 des entreprises de destruction nids de guêpes et frelons à Paris | www.entreprisenettoyageparis.fr/top-3-entreprises-destruction-nids-de-guepes-et-frelons-a-paris | cet article;score SEO 42 < 60;structure de forum (sujets, inscription) | liens dans les messages : nofollow;;https://guepes-frelons.forumgratuit.org/register;lien-interne : guepes-frelons.forumgratuit.org;2026-09-26;2026-09-26;a-traiter;
57;42;83;Inscription requise;Forum;https://guepes-frelons.forumgratuit.org/t323-frelons-asiatique-piqure;guepes-frelons.forumgratuit.org;Frelons asiatique piqûre.;e-monsite;oui;inconnu;nofollow;non;non;?;83 % (GPTBot, OAI-SearchBot, ClaudeBot, PerplexityBot, Google-Extended);frelon, frelons, frelon asiatique, frelon européen, guêpes, nid de frelons, piqûre, jardin;;https://observatoire-biodiversite-npdc.fr/especes/frelon-asiatique/;2 (relais);Frelon asiatique (Vespa velutina nigrithorax) — Observatoire de la biodiversité du Nord–Pas-de-Calais | observatoire-biodiversite-npdc.fr/especes/frelon-asiatique | cet article;score SEO 42 < 60;structure de forum (sujets, inscription) | liens dans les messages : nofollow;;https://guepes-frelons.forumgratuit.org/register;requete : frelon asiatique piqûre forum témoignages;2026-09-26;2026-09-26;a-traiter;
57;42;83;Inscription requise;Forum;https://guepes-frelons.forumgratuit.org/t734-experience-bricolage;guepes-frelons.forumgratuit.org;expérience bricolage;e-monsite;oui;inconnu;nofollow;non;non;?;83 % (GPTBot, OAI-SearchBot, ClaudeBot, PerplexityBot, Google-Extended);frelon, frelons, frelon asiatique, guêpe, guêpes, nid de frelons, abeille, abeilles;;https://observatoire-biodiversite-npdc.fr/dossiers/que-faire-nid-frelon-asiatique-signalement/;2 (relais);Que faire face à un nid de frelon asiatique ? Signalement et intervention — Observatoire de la biodiversité du Nord–Pas-de-Calais | observatoire-biodiversite-npdc.fr/dossiers/que-faire-nid-frelon-asiatique-signalement | cet article;score SEO 42 < 60;structure de forum (sujets, inscription) | liens dans les messages : nofollow;;https://guepes-frelons.forumgratuit.org/register;requete : nid de frelon asiatique forum bricolage témoignage;2026-09-26;2026-09-26;a-traiter;
57;42;83;Inscription requise;Forum;https://guepes-frelons.forumgratuit.org/t85-encore-un-nid-de-guepes-sous-toiture;guepes-frelons.forumgratuit.org;Encore un nid de guepes sous toiture;e-monsite;oui;inconnu;nofollow;non;non;?;83 % (GPTBot, OAI-SearchBot, ClaudeBot, PerplexityBot, Google-Extended);frelon, frelons, frelon asiatique, frelon européen, guêpes, nid de frelons, nid de guêpes, abeilles;;https://observatoire-biodiversite-npdc.fr/dossiers/que-faire-nid-frelon-asiatique-signalement/;2 (relais);Que faire face à un nid de frelon asiatique ? Signalement et intervention — Observatoire de la biodiversité du Nord–Pas-de-Calais | observatoire-biodiversite-npdc.fr/dossiers/que-faire-nid-frelon-asiatique-signalement | cet article;score SEO 42 < 60;structure de forum (sujets, inscription) | liens dans les messages : nofollow;;https://guepes-frelons.forumgratuit.org/register;requete : forum jardinage guêpes nid toiture que faire;2026-09-26;2026-09-26;a-traiter;
57;41;85;Inscription requise;Forum;https://www.jardinature.net/forum/viewtopic.php?f=39&p=111306;jardinature.net;Comment créer une bougie parfumée ? - Forum Jardinature - Forum jardin, jardinage, nature, environnement;phpBB;non (canonique vers https://www.jardinature.net/forum/viewtopic.php?t=8890);inconnu;dofollow;non;non;?;100 % (GPTBot, OAI-SearchBot, ClaudeBot, PerplexityBot, Google-Extended);jardin, jardinage, potager, nature, maison, bricolage, animaux;Paris, Lyon;https://www.entreprisenettoyageparis.fr/top-3-entreprises-destruction-nids-de-guepes-et-frelons-a-paris/;2 (relais);Top 3 des entreprises de destruction nids de guêpes et frelons à Paris | www.entreprisenettoyageparis.fr/top-3-entreprises-destruction-nids-de-guepes-et-frelons-a-paris | cet article;score SEO 41 < 60;forum phpBB | liens dans les messages : dofollow | liens de signature : dofollow;;https://www.jardinature.net/forum/ucp.php?mode=register;lien-interne : jardinature.net;2026-09-26;2026-09-26;a-traiter;
57;41;84;Inscription requise;Forum;https://www.jardinature.net/forum/viewtopic.php?f=41&t=9336;jardinature.net;Vous protégez comment votre matériel de jardin pendant l'hiver ? - Forum Jardinature - Forum jardin, jardinage, nature, environnement;phpBB;non (canonique vers https://www.jardinature.net/forum/viewtopic.php?t=9336);inconnu;dofollow;non;non;?;100 % (GPTBot, OAI-SearchBot, ClaudeBot, PerplexityBot, Google-Extended);jardin, jardinage, potager, nature, maison, bricolage, animaux;Nord, Paris, Lyon;https://www.entreprisenettoyageparis.fr/top-3-entreprises-destruction-nids-de-guepes-et-frelons-a-paris/;2 (relais);Top 3 des entreprises de destruction nids de guêpes et frelons à Paris | www.entreprisenettoyageparis.fr/top-3-entreprises-destruction-nids-de-guepes-et-frelons-a-paris | cet article;score SEO 41 < 60;forum phpBB | liens dans les messages : dofollow;;https://www.jardinature.net/forum/ucp.php?mode=register;lien-interne : jardinature.net;2026-09-26;2026-09-26;a-traiter;
56;50;54;Immédiat (formulaire);Commentaire de blog;https://www.mesdepanneurs.fr/blog/contacteur-jour-nuit;mesdepanneurs.fr;Comment Savoir si votre Contacteur Jour/Nuit est HS ?| MesDépanneurs.fr;Drupal;oui;inconnu;dofollow;oui;non;?;100 % (GPTBot, OAI-SearchBot, ClaudeBot, PerplexityBot, Google-Extended);nuisibles, maison;;https://observatoire-biodiversite-npdc.fr/especes/frelon-asiatique/;2 (relais);Frelon asiatique (Vespa velutina nigrithorax) — Observatoire de la biodiversité du Nord–Pas-de-Calais | observatoire-biodiversite-npdc.fr/especes/frelon-asiatique | cet article;spot de masse : renforcer une page relais plutôt que le site principal;formulaire de commentaire natif (#comment-form) | champ « site web » dans le formulaire | 22 commentaire(s) déjà publié(s) | liens des commentaires : dofollow;;;lien-interne : mesdepanneurs.fr;2026-09-26;2026-09-26;a-traiter;
56;59;54;Inscription requise;Forum;https://www.aujardin.org/ucp.php?mode=login&redirect=viewtopic.php%3Ft%3D48927;aujardin.org;Au jardin, forum de jardinage - Panneau de contrôle utilisateur - Connexion;phpBB;oui;inconnu;dofollow;non;non;?;61 % (OAI-SearchBot, Google-Extended);jardin, jardinage, potager, maison, animaux;;https://observatoire-biodiversite-npdc.fr/dossiers/que-faire-nid-frelon-asiatique-signalement/;2 (relais);Que faire face à un nid de frelon asiatique ? Signalement et intervention — Observatoire de la biodiversité du Nord–Pas-de-Calais | observatoire-biodiversite-npdc.fr/dossiers/que-faire-nid-frelon-asiatique-signalement | cet article;score SEO 59 < 60;forum phpBB | liens dans les messages : dofollow;;https://www.aujardin.org/ucp.php?mode=register;lien-interne : aujardin.org;2026-09-26;2026-09-26;a-traiter;
56;59;54;Inscription requise;Forum;https://www.aujardin.org/ucp.php?mode=register;aujardin.org;Au jardin, forum de jardinage - Panneau de contrôle utilisateur - Inscription;phpBB;oui;inconnu;dofollow;non;non;?;61 % (OAI-SearchBot, Google-Extended);jardin, jardinage, potager, maison, animaux;;https://observatoire-biodiversite-npdc.fr/especes/frelon-asiatique/;2 (relais);Frelon asiatique (Vespa velutina nigrithorax) — Observatoire de la biodiversité du Nord–Pas-de-Calais | observatoire-biodiversite-npdc.fr/especes/frelon-asiatique | cet article;score SEO 59 < 60;forum phpBB | liens dans les messages : dofollow;;https://www.aujardin.org/ucp.php?mode=register;utile : inscription;2026-09-26;2026-09-26;a-traiter;
56;45;74;Inscription requise;Forum;https://www.econologie.com/forums/avis-que-choisir/;econologie.com;Avis et test de produits et services. Les bons plans, les arnaques et escroqueries. Que choisir, critiques et tests d'achat pour mieux…;phpBB;oui;inconnu;inconnu;non;non;?;100 % (GPTBot, OAI-SearchBot, ClaudeBot, PerplexityBot, Google-Extended);jardin, jardinage, potager, maison, bricolage;;https://observatoire-biodiversite-npdc.fr/dossiers/que-faire-nid-frelon-asiatique-signalement/;2 (relais);Que faire face à un nid de frelon asiatique ? Signalement et intervention — Observatoire de la biodiversité du Nord–Pas-de-Calais | observatoire-biodiversite-npdc.fr/dossiers/que-faire-nid-frelon-asiatique-signalement | cet article;score SEO 45 < 60;forum phpBB;;https://www.econologie.com/forums/ucp.php?mode=register;lien-interne : econologie.com;2026-09-26;2026-09-26;a-traiter;
56;45;75;Inscription requise;Forum;https://www.econologie.com/forums/changement-climatique-co2/besoin-d-aide-pour-un-questionnaire-de-memoire-etudiant-sur-la-transition-energetique-t17168.html;econologie.com;Besoin d'aide pour un questionnaire de mémoire étudiant sur la transition énergétique - Forum Écologie, Énergies, Réparation, Maison,…;phpBB;oui;inconnu;inconnu;non;non;?;100 % (GPTBot, OAI-SearchBot, ClaudeBot, PerplexityBot, Google-Extended);jardin, jardinage, potager, nature, maison, bricolage;;https://www.entreprisenettoyageparis.fr/top-3-entreprises-destruction-nids-de-guepes-et-frelons-a-paris/;2 (relais);Top 3 des entreprises de destruction nids de guêpes et frelons à Paris | www.entreprisenettoyageparis.fr/top-3-entreprises-destruction-nids-de-guepes-et-frelons-a-paris | cet article;score SEO 45 < 60;forum phpBB;;https://www.econologie.com/forums/ucp.php?mode=register;lien-interne : econologie.com;2026-09-26;2026-09-26;a-traiter;
56;45;74;Inscription requise;Forum;https://www.econologie.com/forums/sujets-actifs.html;econologie.com;Forum Écologie, Énergies, Réparation, Maison, Bricolage et Innovations Durables - Sujets actifs;phpBB;oui;inconnu;inconnu;non;non;?;100 % (GPTBot, OAI-SearchBot, ClaudeBot, PerplexityBot, Google-Extended);jardin, jardinage, potager, maison, bricolage;;https://observatoire-biodiversite-npdc.fr/dossiers/que-faire-nid-frelon-asiatique-signalement/;2 (relais);Que faire face à un nid de frelon asiatique ? Signalement et intervention — Observatoire de la biodiversité du Nord–Pas-de-Calais | observatoire-biodiversite-npdc.fr/dossiers/que-faire-nid-frelon-asiatique-signalement | cet article;score SEO 45 < 60;forum phpBB;;https://www.econologie.com/forums/ucp.php?mode=register;lien-interne : econologie.com;2026-09-26;2026-09-26;a-traiter;
56;40;83;Inscription requise;Forum;https://www.jardinature.net/forum/viewtopic.php?f=24&p=110099;jardinature.net;Comment bien utiliser un forum ? - Forum Jardinature - Forum jardin, jardinage, nature, environnement;phpBB;non (canonique vers https://www.jardinature.net/forum/viewtopic.php?t=6519);inconnu;dofollow;non;non;?;100 % (GPTBot, OAI-SearchBot, ClaudeBot, PerplexityBot, Google-Extended);jardin, jardinage, potager, nature, maison, bricolage, animaux;Lille, Nord;https://observatoire-biodiversite-npdc.fr/especes/frelon-asiatique/;2 (relais);Frelon asiatique (Vespa velutina nigrithorax) — Observatoire de la biodiversité du Nord–Pas-de-Calais | observatoire-biodiversite-npdc.fr/especes/frelon-asiatique | cet article;score SEO 40 < 60;forum phpBB | liens dans les messages : dofollow | liens de signature : dofollow;;https://www.jardinature.net/forum/ucp.php?mode=register;lien-interne : jardinature.net;2026-09-26;2026-09-26;a-traiter;
55;40;65;Immédiat (formulaire);Commentaire de blog;https://terre-et-jardin.com/proteger-ses-pruniers-des-guepes/;terre-et-jardin.com;Guêpes versus Pruniers - La solution d'issue par Terre et Jardin | Terre et Jardin;WordPress;oui;inconnu;nofollow;oui;non;?;100 % (GPTBot, OAI-SearchBot, ClaudeBot, PerplexityBot, Google-Extended);guêpe, guêpes, insectes, jardin, jardinage, potager;;https://www.entreprisenettoyageparis.fr/top-3-entreprises-destruction-nids-de-guepes-et-frelons-a-paris/;2 (relais);Top 3 des entreprises de destruction nids de guêpes et frelons à Paris | www.entreprisenettoyageparis.fr/top-3-entreprises-destruction-nids-de-guepes-et-frelons-a-paris | cet article;spot de masse : renforcer une page relais plutôt que le site principal;formulaire de commentaire natif (#commentform) | champ « site web » dans le formulaire | 2 commentaire(s) déjà publié(s) | liens des commentaires : nofollow;;;"requete : guêpes jardin blog ""laisser un commentaire""";2026-09-26;2026-09-26;a-traiter;
55;50;51;Immédiat (formulaire);Commentaire de blog;https://www.neozone.org/sante/comment-reagir-apres-une-piqure-de-frelon-asiatique-est-ce-dangereux/;neozone.org;Comment réagir après une piqûre de frelon asiatique ? Est-ce dangereux ? - NeozOne;WordPress;oui;inconnu;inconnu;non;oui;?;39 % (OAI-SearchBot, PerplexityBot);frelon, frelons, frelon asiatique, frelon européen, guêpe, nid de frelons, vespa velutina, abeille;Centre-Val de Loire;https://observatoire-biodiversite-npdc.fr/especes/frelon-asiatique/;2 (relais);Frelon asiatique (Vespa velutina nigrithorax) — Observatoire de la biodiversité du Nord–Pas-de-Calais | observatoire-biodiversite-npdc.fr/especes/frelon-asiatique | cet article;spot de masse : renforcer une page relais plutôt que le site principal;formulaire de commentaire natif (#commentform) | captcha sur le formulaire | captcha détecté sur la page;;;requete : frelon asiatique piqûre forum témoignages;2026-09-26;2026-09-26;a-traiter;
55;44;74;Inscription requise;Forum;https://forums.futura-sciences.com/jardinage/;futura-sciences.com;Forum : Jardinage;vBulletin;oui;inconnu;inconnu;non;non;?;100 % (GPTBot, OAI-SearchBot, ClaudeBot, PerplexityBot, Google-Extended);guêpes, insecte, jardinage, potager, maison;;https://observatoire-biodiversite-npdc.fr/dossiers/que-faire-nid-frelon-asiatique-signalement/;2 (relais);Que faire face à un nid de frelon asiatique ? Signalement et intervention — Observatoire de la biodiversité du Nord–Pas-de-Calais | observatoire-biodiversite-npdc.fr/dossiers/que-faire-nid-frelon-asiatique-signalement | cet article;score SEO 44 < 60;forum vBulletin;;https://forums.futura-sciences.com/register.php;graine;2026-09-26;2026-09-26;a-traiter;
55;38;82;Inscription requise;Forum;https://forums.futura-sciences.com/jardinage/959500-sol-sable-limon-argile-briser.html;futura-sciences.com;[Technique] sol sable/limon/argile comment le briser?;vBulletin;oui;inconnu;nofollow;non;non;?;100 % (GPTBot, OAI-SearchBot, ClaudeBot, PerplexityBot, Google-Extended);insectes, jardin, jardinage, potager, nature, maison, bricolage;Rennes, Allier, Cher, Saône-et-Loire, Sarthe, La Réunion;https://observatoire-biodiversite-npdc.fr/dossiers/que-faire-nid-frelon-asiatique-signalement/;2 (relais);Que faire face à un nid de frelon asiatique ? Signalement et intervention — Observatoire de la biodiversité du Nord–Pas-de-Calais | observatoire-biodiversite-npdc.fr/dossiers/que-faire-nid-frelon-asiatique-signalement | cet article;score SEO 38 < 60;forum vBulletin | liens dans les messages : nofollow;;https://forums.futura-sciences.com/register.php;lien-interne : forums.futura-sciences.com;2026-09-26;2026-09-26;a-traiter;
53;40;60;Immédiat (formulaire);Commentaire de blog;https://infopreneur.blog/referencement-naturel/;infopreneur.blog;▷ Référencement Naturel (SEO) : Définition | Comprendre le SEO (2026);WordPress;oui;inconnu;inconnu;oui;non;?;100 % (GPTBot, OAI-SearchBot, ClaudeBot, PerplexityBot, Google-Extended);;Montpellier;https://observatoire-biodiversite-npdc.fr/dossiers/que-faire-nid-frelon-asiatique-signalement/;2 (relais);Que faire face à un nid de frelon asiatique ? Signalement et intervention — Observatoire de la biodiversité du Nord–Pas-de-Calais | observatoire-biodiversite-npdc.fr/dossiers/que-faire-nid-frelon-asiatique-signalement | cet article;spot de masse : renforcer une page relais plutôt que le site principal;formulaire de commentaire natif (#commentform) | champ « site web » dans le formulaire | 8 commentaire(s) déjà publié(s);;;lien-interne : infopreneur.blog;2026-09-26;2026-09-26;a-traiter;
53;40;59;Immédiat (formulaire);Annuaire;https://www.annuaire-artisan.com/webmaster-submit-website-free/;annuaire-artisan.com;Référencement artisan gratuit : Referencement & SEO;Arfooo;oui;inconnu;inconnu;oui;oui;?;100 % (GPTBot, OAI-SearchBot, ClaudeBot, PerplexityBot, Google-Extended);;Hauts-de-France, Bourgogne, Bretagne, Normandie;https://allo-frelons.fr/;1 (site);ALLO FRELONS | allo-frelons.fr | ALLO FRELONS Hauts-de-France;spot éditorial : lien direct vers le site;formulaire d'ajout (url+description) | captcha détecté sur la page;;;utile : ajout-annuaire;2026-09-26;2026-09-26;a-traiter;
53;41;74;Inscription requise;Forum;https://forums.futura-sciences.com/jardinage/962829-parasite-lexterminer.html;futura-sciences.com;[Ornement] Quel est ce parasite et comment l'exterminer?;vBulletin;oui;inconnu;inconnu;non;non;?;100 % (GPTBot, OAI-SearchBot, ClaudeBot, PerplexityBot, Google-Extended);insecte, jardinage, maison;Ardèche, Gironde;https://www.entreprisenettoyageparis.fr/top-3-entreprises-destruction-nids-de-guepes-et-frelons-a-paris/;2 (relais);Top 3 des entreprises de destruction nids de guêpes et frelons à Paris | www.entreprisenettoyageparis.fr/top-3-entreprises-destruction-nids-de-guepes-et-frelons-a-paris | cet article;score SEO 41 < 60;forum vBulletin;;https://forums.futura-sciences.com/register.php;lien-interne : forums.futura-sciences.com;2026-09-26;2026-09-26;a-traiter;
53;45;66;Inscription requise;Annuaire;https://www.coodoeil.fr/;coodoeil.fr;Coodoeil : Annuaire Francophone Gratuit - Annuaire internet, rechercher sur le web;;oui;inconnu;inconnu;non;non;?;100 % (GPTBot, OAI-SearchBot, ClaudeBot, PerplexityBot, Google-Extended);insecte, jardin, maison, animaux;Lyon, Marseille, Toulouse, Montpellier;https://allo-frelons.fr/;1 (site);ALLO FRELONS | allo-frelons.fr | ALLO FRELONS Lyon;spot éditorial : lien direct vers le site;annuaire avec lien d'ajout : « Proposer un site »;;;graine;2026-09-26;2026-09-26;a-traiter;
53;45;67;Inscription requise;Questions / réponses;https://www.saintbrice95.fr/demarches-et-services/educationperiscolaire/vie-scolaire/inscription-scolaire-265.html;saintbrice95.fr;Inscription scolaire;TYPO3;oui;inconnu;dofollow;non;non;?;100 % (GPTBot, OAI-SearchBot, ClaudeBot, PerplexityBot, Google-Extended);frelons, maison, animaux;;https://observatoire-biodiversite-npdc.fr/dossiers/que-faire-nid-frelon-asiatique-signalement/;2 (relais);Que faire face à un nid de frelon asiatique ? Signalement et intervention — Observatoire de la biodiversité du Nord–Pas-de-Calais | observatoire-biodiversite-npdc.fr/dossiers/que-faire-nid-frelon-asiatique-signalement | cet article;score SEO 45 < 60;questions/réponses : « poser une question »;;;utile : inscription;2026-09-26;2026-09-26;a-traiter;
52;38;60;Immédiat (formulaire);Commentaire de blog;https://infopreneur.blog/generateur-de-mots-cles-seo/;infopreneur.blog;3 outils pour trouver les mots clés les plus recherchés sur Google (2020);WordPress;oui;inconnu;inconnu;oui;non;?;100 % (GPTBot, OAI-SearchBot, ClaudeBot, PerplexityBot, Google-Extended);;Paris;https://www.entreprisenettoyageparis.fr/top-3-entreprises-destruction-nids-de-guepes-et-frelons-a-paris/;2 (relais);Top 3 des entreprises de destruction nids de guêpes et frelons à Paris | www.entreprisenettoyageparis.fr/top-3-entreprises-destruction-nids-de-guepes-et-frelons-a-paris | cet article;spot de masse : renforcer une page relais plutôt que le site principal;formulaire de commentaire natif (#commentform) | champ « site web » dans le formulaire | 4 commentaire(s) déjà publié(s);;;lien-interne : infopreneur.blog;2026-09-26;2026-09-26;a-traiter;
52;40;72;Inscription requise;Forum;https://www.aquajardin.net/forum/viewforum.php?f=64;aquajardin.net;Actualité bassin - Forum Aquajardin - Bassin koï, mare, étang;phpBB;oui;inconnu;inconnu;non;non;?;100 % (GPTBot, OAI-SearchBot, ClaudeBot, PerplexityBot, Google-Extended);jardin, nature, bricolage;Normandie, Creuse;https://observatoire-biodiversite-npdc.fr/especes/frelon-asiatique/;2 (relais);Frelon asiatique (Vespa velutina nigrithorax) — Observatoire de la biodiversité du Nord–Pas-de-Calais | observatoire-biodiversite-npdc.fr/especes/frelon-asiatique | cet article;score SEO 40 < 60;forum phpBB;;https://www.aquajardin.net/forum/ucp.php?mode=register;lien-interne : aquajardin.net;2026-09-26;2026-09-26;a-traiter;
52;36;77;Inscription requise;Forum;https://www.aquajardin.net/forum/viewtopic.php?f=23&t=15870;aquajardin.net;Extermination d'un nid de guêpes dans mon jardin, par où commencer ? - Forum Aquajardin - Bassin koï, mare, étang;phpBB;non (canonique vers https://www.aquajardin.net/forum/viewtopic.php?t=15870);inconnu;dofollow;non;non;?;100 % (GPTBot, OAI-SearchBot, ClaudeBot, PerplexityBot, Google-Extended);frelons, guêpes, nid de guêpes, jardin, nature, maison, bricolage, extermination;;https://observatoire-biodiversite-npdc.fr/dossiers/que-faire-nid-frelon-asiatique-signalement/;2 (relais);Que faire face à un nid de frelon asiatique ? Signalement et intervention — Observatoire de la biodiversité du Nord–Pas-de-Calais | observatoire-biodiversite-npdc.fr/dossiers/que-faire-nid-frelon-asiatique-signalement | cet article;score SEO 36 < 60;forum phpBB | liens dans les messages : dofollow | liens de signature : dofollow;;https://www.aquajardin.net/forum/ucp.php?mode=register;lien-interne : aquajardin.net;2026-09-26;2026-09-26;a-traiter;
52;36;77;Inscription requise;Forum;https://www.aquajardin.net/forum/viewtopic.php?p=173140;aquajardin.net;Extermination d'un nid de guêpes dans mon jardin, par où commencer ? - Forum Aquajardin - Bassin koï, mare, étang;phpBB;non (canonique vers https://www.aquajardin.net/forum/viewtopic.php?t=15870);inconnu;dofollow;non;non;?;100 % (GPTBot, OAI-SearchBot, ClaudeBot, PerplexityBot, Google-Extended);frelons, guêpes, nid de guêpes, jardin, nature, maison, bricolage, extermination;;https://observatoire-biodiversite-npdc.fr/dossiers/que-faire-nid-frelon-asiatique-signalement/;2 (relais);Que faire face à un nid de frelon asiatique ? Signalement et intervention — Observatoire de la biodiversité du Nord–Pas-de-Calais | observatoire-biodiversite-npdc.fr/dossiers/que-faire-nid-frelon-asiatique-signalement | cet article;score SEO 36 < 60;forum phpBB | liens dans les messages : dofollow | liens de signature : dofollow;;https://www.aquajardin.net/forum/ucp.php?mode=register;lien-interne : aquajardin.net;2026-09-26;2026-09-26;a-traiter;
52;36;77;Inscription requise;Forum;https://www.aquajardin.net/forum/viewtopic.php?t=15870&p=173143;aquajardin.net;Extermination d'un nid de guêpes dans mon jardin, par où commencer ? - Forum Aquajardin - Bassin koï, mare, étang;phpBB;non (canonique vers https://www.aquajardin.net/forum/viewtopic.php?t=15870);inconnu;dofollow;non;non;?;100 % (GPTBot, OAI-SearchBot, ClaudeBot, PerplexityBot, Google-Extended);frelons, guêpes, nid de guêpes, jardin, nature, maison, bricolage, extermination;;https://observatoire-biodiversite-npdc.fr/dossiers/que-faire-nid-frelon-asiatique-signalement/;2 (relais);Que faire face à un nid de frelon asiatique ? Signalement et intervention — Observatoire de la biodiversité du Nord–Pas-de-Calais | observatoire-biodiversite-npdc.fr/dossiers/que-faire-nid-frelon-asiatique-signalement | cet article;score SEO 36 < 60;forum phpBB | liens dans les messages : dofollow | liens de signature : dofollow;;https://www.aquajardin.net/forum/ucp.php?mode=register;requete : nid de guêpes forum jardin conseils;2026-09-26;2026-09-26;a-traiter;
52;41;71;Inscription requise;Forum;https://www.salamandre.org/communaute/forum/;salamandre.org;Forum - La Salamandre - photo nature, dessin nature, activités famille, activités nature - La Salamandre;WordPress;oui;inconnu;inconnu;non;oui;?;100 % (GPTBot, OAI-SearchBot, ClaudeBot, PerplexityBot, Google-Extended);insectes, jardin, nature, animaux;;https://observatoire-biodiversite-npdc.fr/dossiers/que-faire-nid-frelon-asiatique-signalement/;2 (relais);Que faire face à un nid de frelon asiatique ? Signalement et intervention — Observatoire de la biodiversité du Nord–Pas-de-Calais | observatoire-biodiversite-npdc.fr/dossiers/que-faire-nid-frelon-asiatique-signalement | cet article;score SEO 41 < 60;formulaire de commentaire natif | structure de forum (sujets, inscription) | captcha détecté sur la page;;https://www.salamandre.org/connexion/;graine;2026-09-26;2026-09-26;a-traiter;
51;39;69;Inscription requise;Forum;https://www.aquajardin.net/forum/;aquajardin.net;Forum Aquajardin - Bassin koï, mare, étang - Page d’index;phpBB;oui;inconnu;inconnu;non;non;?;100 % (GPTBot, OAI-SearchBot, ClaudeBot, PerplexityBot, Google-Extended);insectes, jardin, nature, maison, bricolage, animaux;;https://observatoire-biodiversite-npdc.fr/dossiers/que-faire-nid-frelon-asiatique-signalement/;2 (relais);Que faire face à un nid de frelon asiatique ? Signalement et intervention — Observatoire de la biodiversité du Nord–Pas-de-Calais | observatoire-biodiversite-npdc.fr/dossiers/que-faire-nid-frelon-asiatique-signalement | cet article;score SEO 39 < 60;forum phpBB;;https://www.aquajardin.net/forum/ucp.php?mode=register;graine;2026-09-26;2026-09-26;a-traiter;
51;35;75;Inscription requise;Forum;https://www.aquajardin.net/forum/viewtopic.php?f=62&t=13142;aquajardin.net;Concours bricolage - Forum Aquajardin - Bassin koï, mare, étang;phpBB;non (canonique vers https://www.aquajardin.net/forum/viewtopic.php?t=13142);inconnu;dofollow;non;non;?;100 % (GPTBot, OAI-SearchBot, ClaudeBot, PerplexityBot, Google-Extended);jardin, nature, maison, bricolage;Landes;https://observatoire-biodiversite-npdc.fr/dossiers/que-faire-nid-frelon-asiatique-signalement/;2 (relais);Que faire face à un nid de frelon asiatique ? Signalement et intervention — Observatoire de la biodiversité du Nord–Pas-de-Calais | observatoire-biodiversite-npdc.fr/dossiers/que-faire-nid-frelon-asiatique-signalement | cet article;score SEO 35 < 60;forum phpBB | liens dans les messages : dofollow | liens de signature : dofollow;;https://www.aquajardin.net/forum/ucp.php?mode=register;lien-interne : aquajardin.net;2026-09-26;2026-09-26;a-traiter;
51;41;66;Inscription requise;Forum;https://www.econologie.com/forums/equipe.html;econologie.com;Forum Écologie, Énergies, Réparation, Maison, Bricolage et Innovations Durables - Connexion;phpBB;oui;inconnu;inconnu;non;non;?;100 % (GPTBot, OAI-SearchBot, ClaudeBot, PerplexityBot, Google-Extended);jardinage, maison, bricolage;;https://observatoire-biodiversite-npdc.fr/especes/frelon-asiatique/;2 (relais);Frelon asiatique (Vespa velutina nigrithorax) — Observatoire de la biodiversité du Nord–Pas-de-Calais | observatoire-biodiversite-npdc.fr/especes/frelon-asiatique | cet article;score SEO 41 < 60;forum phpBB;;https://www.econologie.com/forums/ucp.php?mode=register;lien-interne : econologie.com;2026-09-26;2026-09-26;a-traiter;
50;38;54;Immédiat (formulaire);Commentaire de blog;https://infopreneur.blog/optimisation-seo/;infopreneur.blog;Référencement WordPress: 21 optimisations SEO pour être 1er sur Google;WordPress;oui;inconnu;inconnu;oui;non;?;100 % (GPTBot, OAI-SearchBot, ClaudeBot, PerplexityBot, Google-Extended);jardinage;;https://observatoire-biodiversite-npdc.fr/dossiers/que-faire-nid-frelon-asiatique-signalement/;2 (relais);Que faire face à un nid de frelon asiatique ? Signalement et intervention — Observatoire de la biodiversité du Nord–Pas-de-Calais | observatoire-biodiversite-npdc.fr/dossiers/que-faire-nid-frelon-asiatique-signalement | cet article;spot de masse : renforcer une page relais plutôt que le site principal;formulaire de commentaire natif (#commentform) | champ « site web » dans le formulaire | 36 commentaire(s) déjà publié(s);;;lien-interne : infopreneur.blog;2026-09-26;2026-09-26;a-traiter;
50;45;43;Immédiat (formulaire);Commentaire de blog;https://www.neozone.org/astuces/comment-reconnaitre-et-bien-differencier-un-nid-de-frelons-asiatiques/;neozone.org;Comment reconnaître et bien différencier un nid de frelons asiatiques ? - NeozOne;WordPress;oui;inconnu;inconnu;non;oui;?;39 % (OAI-SearchBot, PerplexityBot);frelon, frelons, frelon asiatique, frelon européen, nid de frelons, vespa velutina, abeilles, insectes;;https://observatoire-biodiversite-npdc.fr/dossiers/que-faire-nid-frelon-asiatique-signalement/;2 (relais);Que faire face à un nid de frelon asiatique ? Signalement et intervention — Observatoire de la biodiversité du Nord–Pas-de-Calais | observatoire-biodiversite-npdc.fr/dossiers/que-faire-nid-frelon-asiatique-signalement | cet article;spot de masse : renforcer une page relais plutôt que le site principal;formulaire de commentaire natif (#commentform) | captcha sur le formulaire | captcha détecté sur la page;;;lien-interne : neozone.org;2026-09-26;2026-09-26;a-traiter;
50;43;61;Inscription requise;Forum;https://www.aquajardin.net/forum/ucp.php?mode=register;aquajardin.net;Forum Aquajardin - Bassin koï, mare, étang - Panneau de l’utilisateur - S’enregistrer;phpBB;oui;inconnu;dofollow;non;non;?;100 % (GPTBot, OAI-SearchBot, ClaudeBot, PerplexityBot, Google-Extended);jardin, bricolage;;https://observatoire-biodiversite-npdc.fr/dossiers/que-faire-nid-frelon-asiatique-signalement/;2 (relais);Que faire face à un nid de frelon asiatique ? Signalement et intervention — Observatoire de la biodiversité du Nord–Pas-de-Calais | observatoire-biodiversite-npdc.fr/dossiers/que-faire-nid-frelon-asiatique-signalement | cet article;score SEO 43 < 60;forum phpBB | liens dans les messages : dofollow;;https://www.aquajardin.net/forum/ucp.php?mode=register;utile : inscription;2026-09-26;2026-09-26;a-traiter;
50;41;63;Inscription requise;Forum;https://www.aujardin.org/viewtopic.php?p=482976;aujardin.org;nid de guepes - Au jardin, forum de jardinage;phpBB;non (canonique vers https://www.aujardin.org/viewtopic.php?t=48927);inconnu;dofollow;non;non;?;61 % (OAI-SearchBot, Google-Extended);frelons, guêpes, nid de frelons, nid de guêpes, abeilles, piqûre, jardin, jardinage;Tours, Normandie, Gard, Saône-et-Loire;https://observatoire-biodiversite-npdc.fr/dossiers/que-faire-nid-frelon-asiatique-signalement/;2 (relais);Que faire face à un nid de frelon asiatique ? Signalement et intervention — Observatoire de la biodiversité du Nord–Pas-de-Calais | observatoire-biodiversite-npdc.fr/dossiers/que-faire-nid-frelon-asiatique-signalement | cet article;score SEO 41 < 60;forum phpBB | liens dans les messages : dofollow;;https://www.aujardin.org/ucp.php?mode=register;lien-interne : aujardin.org;2026-09-26;2026-09-26;a-traiter;
50;41;63;Inscription requise;Forum;https://www.aujardin.org/viewtopic.php?p=483008;aujardin.org;nid de guepes - Au jardin, forum de jardinage;phpBB;non (canonique vers https://www.aujardin.org/viewtopic.php?t=48927);inconnu;dofollow;non;non;?;61 % (OAI-SearchBot, Google-Extended);frelons, guêpes, nid de frelons, nid de guêpes, abeilles, piqûre, jardin, jardinage;Tours, Normandie, Gard, Saône-et-Loire;https://observatoire-biodiversite-npdc.fr/dossiers/que-faire-nid-frelon-asiatique-signalement/;2 (relais);Que faire face à un nid de frelon asiatique ? Signalement et intervention — Observatoire de la biodiversité du Nord–Pas-de-Calais | observatoire-biodiversite-npdc.fr/dossiers/que-faire-nid-frelon-asiatique-signalement | cet article;score SEO 41 < 60;forum phpBB | liens dans les messages : dofollow;;https://www.aujardin.org/ucp.php?mode=register;lien-interne : aujardin.org;2026-09-26;2026-09-26;a-traiter;
50;41;63;Inscription requise;Forum;https://www.aujardin.org/viewtopic.php?p=483392;aujardin.org;nid de guepes - Au jardin, forum de jardinage;phpBB;non (canonique vers https://www.aujardin.org/viewtopic.php?t=48927);inconnu;dofollow;non;non;?;61 % (OAI-SearchBot, Google-Extended);frelons, guêpes, nid de frelons, nid de guêpes, abeilles, piqûre, jardin, jardinage;Tours, Normandie, Gard, Saône-et-Loire;https://observatoire-biodiversite-npdc.fr/dossiers/que-faire-nid-frelon-asiatique-signalement/;2 (relais);Que faire face à un nid de frelon asiatique ? Signalement et intervention — Observatoire de la biodiversité du Nord–Pas-de-Calais | observatoire-biodiversite-npdc.fr/dossiers/que-faire-nid-frelon-asiatique-signalement | cet article;score SEO 41 < 60;forum phpBB | liens dans les messages : dofollow;;https://www.aujardin.org/ucp.php?mode=register;lien-interne : aujardin.org;2026-09-26;2026-09-26;a-traiter;
50;41;63;Inscription requise;Forum;https://www.aujardin.org/viewtopic.php?p=483600;aujardin.org;nid de guepes - Au jardin, forum de jardinage;phpBB;non (canonique vers https://www.aujardin.org/viewtopic.php?t=48927);inconnu;dofollow;non;non;?;61 % (OAI-SearchBot, Google-Extended);frelons, guêpes, nid de frelons, nid de guêpes, abeilles, piqûre, jardin, jardinage;Tours, Normandie, Gard, Saône-et-Loire;https://observatoire-biodiversite-npdc.fr/dossiers/que-faire-nid-frelon-asiatique-signalement/;2 (relais);Que faire face à un nid de frelon asiatique ? Signalement et intervention — Observatoire de la biodiversité du Nord–Pas-de-Calais | observatoire-biodiversite-npdc.fr/dossiers/que-faire-nid-frelon-asiatique-signalement | cet article;score SEO 41 < 60;forum phpBB | liens dans les messages : dofollow;;https://www.aujardin.org/ucp.php?mode=register;lien-interne : aujardin.org;2026-09-26;2026-09-26;a-traiter;
50;41;63;Inscription requise;Forum;https://www.aujardin.org/viewtopic.php?p=483613;aujardin.org;nid de guepes - Au jardin, forum de jardinage;phpBB;non (canonique vers https://www.aujardin.org/viewtopic.php?t=48927);inconnu;dofollow;non;non;?;61 % (OAI-SearchBot, Google-Extended);frelons, guêpes, nid de frelons, nid de guêpes, abeilles, piqûre, jardin, jardinage;Tours, Normandie, Gard, Saône-et-Loire;https://observatoire-biodiversite-npdc.fr/dossiers/que-faire-nid-frelon-asiatique-signalement/;2 (relais);Que faire face à un nid de frelon asiatique ? Signalement et intervention — Observatoire de la biodiversité du Nord–Pas-de-Calais | observatoire-biodiversite-npdc.fr/dossiers/que-faire-nid-frelon-asiatique-signalement | cet article;score SEO 41 < 60;forum phpBB | liens dans les messages : dofollow;;https://www.aujardin.org/ucp.php?mode=register;lien-interne : aujardin.org;2026-09-26;2026-09-26;a-traiter;
50;41;63;Inscription requise;Forum;https://www.aujardin.org/viewtopic.php?p=484835;aujardin.org;nid de guepes - Au jardin, forum de jardinage;phpBB;non (canonique vers https://www.aujardin.org/viewtopic.php?t=48927);inconnu;dofollow;non;non;?;61 % (OAI-SearchBot, Google-Extended);frelons, guêpes, nid de frelons, nid de guêpes, abeilles, piqûre, jardin, jardinage;Tours, Normandie, Gard, Saône-et-Loire;https://observatoire-biodiversite-npdc.fr/dossiers/que-faire-nid-frelon-asiatique-signalement/;2 (relais);Que faire face à un nid de frelon asiatique ? Signalement et intervention — Observatoire de la biodiversité du Nord–Pas-de-Calais | observatoire-biodiversite-npdc.fr/dossiers/que-faire-nid-frelon-asiatique-signalement | cet article;score SEO 41 < 60;forum phpBB | liens dans les messages : dofollow;;https://www.aujardin.org/ucp.php?mode=register;lien-interne : aujardin.org;2026-09-26;2026-09-26;a-traiter;
50;41;63;Inscription requise;Annuaire;https://www.baoo.fr/annuaire-c5-blog-perso.php;baoo.fr;Blog : liste des meilleurs sites de Blog;;oui;inconnu;inconnu;non;non;?;100 % (GPTBot, OAI-SearchBot, ClaudeBot, PerplexityBot, Google-Extended);jardinage, maison, bricolage, animaux;Paris, Indre;https://allo-frelons.fr/;1 (site);ALLO FRELONS | allo-frelons.fr | ALLO FRELONS Paris;spot éditorial : lien direct vers le site;annuaire avec lien d'ajout : « Ajouter votre site »;;;lien-interne : baoo.fr;2026-09-26;2026-09-26;a-traiter;
50;38;70;Inscription requise;Forum;https://www.meilleur-artisan.com/;meilleur-artisan.com;Trouver un artisan compétent pour vos travaux;;oui;inconnu;inconnu;non;non;?;100 % (GPTBot, OAI-SearchBot, ClaudeBot, PerplexityBot, Google-Extended);maison;Lille, Paris, Lyon, Marseille;https://www.entreprisenettoyageparis.fr/top-3-entreprises-destruction-nids-de-guepes-et-frelons-a-paris/;2 (relais);Top 3 des entreprises de destruction nids de guêpes et frelons à Paris | www.entreprisenettoyageparis.fr/top-3-entreprises-destruction-nids-de-guepes-et-frelons-a-paris | cet article;score SEO 38 < 60;structure de forum (sujets, inscription);;;graine;2026-09-26;2026-09-26;a-traiter;
50;38;68;Inscription requise;Forum;https://www.salamandre.org/salamandre-junior-la-salamandre/forum/;salamandre.org;Forum - La Salamandre;WordPress;oui;inconnu;inconnu;non;oui;?;100 % (GPTBot, OAI-SearchBot, ClaudeBot, PerplexityBot, Google-Extended);insectes, jardin, nature, animaux;;https://observatoire-biodiversite-npdc.fr/dossiers/que-faire-nid-frelon-asiatique-signalement/;2 (relais);Que faire face à un nid de frelon asiatique ? Signalement et intervention — Observatoire de la biodiversité du Nord–Pas-de-Calais | observatoire-biodiversite-npdc.fr/dossiers/que-faire-nid-frelon-asiatique-signalement | cet article;score SEO 38 < 60;formulaire de commentaire natif | structure de forum (sujets, inscription) | captcha détecté sur la page;;https://www.salamandre.org/connexion/;lien-interne : salamandre.org;2026-09-26;2026-09-26;a-traiter;
50;41;63;Inscription requise;Annuaire;https://www.zeleur.com/;zeleur.com;Annuaire de sites zeleur.com, référencement gratuit de Sites Internet;;oui;inconnu;inconnu;non;non;?;100 % (GPTBot, OAI-SearchBot, ClaudeBot, PerplexityBot, Google-Extended);jardin, nature, maison, bricolage;Paris, Tours, Suisse romande;https://allo-frelons.fr/;1 (site);ALLO FRELONS | allo-frelons.fr | ALLO FRELONS Paris;spot éditorial : lien direct vers le site;annuaire avec lien d'ajout : « Proposer un site » | page de liens (7 liens externes);;;"requete : annuaire ""proposer un site"" gratuit";2026-09-26;2026-09-26;a-traiter;
49;37;52;Immédiat (formulaire);Annuaire;https://leocare.eu/fr/partenaires/;leocare.eu;Espace partenaires Leocare;WordPress;oui;inconnu;inconnu;oui;non;?;100 % (GPTBot, OAI-SearchBot, ClaudeBot, PerplexityBot, Google-Extended);animaux;;https://allo-frelons.fr/;1 (site);ALLO FRELONS | allo-frelons.fr;spot éditorial : lien direct vers le site;formulaire d'ajout (url+titre);;;utile : page-liens;2026-09-26;2026-09-26;a-traiter;
49;42;60;Inscription requise;Annuaire;https://infopreneur.blog/annuaires-seo/;infopreneur.blog;Annuaires SEO : Les 40 meilleurs annuaires (2026) pour vos backlinks;WordPress;oui;inconnu;inconnu;oui;non;?;100 % (GPTBot, OAI-SearchBot, ClaudeBot, PerplexityBot, Google-Extended);bricolage;Paris, Marseille, Nantes, Rennes;https://allo-frelons.fr/vespikill-dhp40-avis-guide;1 (site);ALLO FRELONS | allo-frelons.fr/vespikill-dhp40-avis-guide | ALLO FRELONS Paris;spot éditorial : lien direct vers le site;formulaire de commentaire natif (#commentform) | champ « site web » dans le formulaire | 572 commentaire(s) déjà publié(s) | annuaire avec lien d'ajout : « Référencement naturel »;;;"requete : annuaire ""proposer un site"" gratuit";2026-09-26;2026-09-26;a-traiter;
49;40;62;Inscription requise;Annuaire;https://mon-presta.fr/;mon-presta.fr;Mon-presta.fr, l'annuaire des auto-entrepreneurs, microentrepreneurs et indépendants;;oui;inconnu;inconnu;non;non;?;100 % (GPTBot, OAI-SearchBot, ClaudeBot, PerplexityBot, Google-Extended);désinsectisation, maison, bricolage, dératisation;Lille, Paris, Lyon, Marseille;https://allo-frelons.fr/;1 (site);ALLO FRELONS | allo-frelons.fr | ALLO FRELONS Lille;spot éditorial : lien direct vers le site;annuaire avec lien d'ajout : « INSCRIPTION GRATUITE ▸ »;;;graine;2026-09-26;2026-09-26;a-traiter;
49;40;62;Inscription requise;Annuaire;https://mon-presta.fr/annuaire/activites;mon-presta.fr;Auto-entrepreneurs par activité | Mon-presta.fr - Annuaire des indépendants (FNAE);;oui;inconnu;inconnu;non;non;?;100 % (GPTBot, OAI-SearchBot, ClaudeBot, PerplexityBot, Google-Extended);désinsectisation, maison, bricolage, dératisation;Lille, Paris, Lyon, Marseille, Bordeaux, Toulouse;https://allo-frelons.fr/;1 (site);ALLO FRELONS | allo-frelons.fr | ALLO FRELONS Lille;spot éditorial : lien direct vers le site;annuaire avec lien d'ajout : « INSCRIPTION GRATUITE ▸ »;;;lien-interne : mon-presta.fr;2026-09-26;2026-09-26;a-traiter;
49;40;62;Inscription requise;Annuaire;https://mon-presta.fr/annuaire/activites/autre-prestataire-de-services-aux-entreprises;mon-presta.fr;475 Autres prestataire de services aux entreprises trouvés | Mon-presta.fr - Annuaire des indépendants (FNAE);Jimdo;oui;inconnu;inconnu;non;non;?;100 % (GPTBot, OAI-SearchBot, ClaudeBot, PerplexityBot, Google-Extended);désinsectisation, nuisibles, dératisation;Lille, Paris, Lyon, Marseille, Bordeaux, Toulouse;https://allo-frelons.fr/;1 (site);ALLO FRELONS | allo-frelons.fr | ALLO FRELONS Lille;spot éditorial : lien direct vers le site;annuaire avec lien d'ajout : « INSCRIPTION GRATUITE ▸ »;;;lien-interne : mon-presta.fr;2026-09-26;2026-09-26;a-traiter;
49;37;68;Inscription requise;Forum;https://www.salamandre.org/petite-salamandre-la-salamandre/forum/;salamandre.org;Forum - La Salamandre;WordPress;oui;inconnu;inconnu;non;oui;?;100 % (GPTBot, OAI-SearchBot, ClaudeBot, PerplexityBot, Google-Extended);insectes, jardin, nature, animaux;;https://observatoire-biodiversite-npdc.fr/dossiers/que-faire-nid-frelon-asiatique-signalement/;2 (relais);Que faire face à un nid de frelon asiatique ? Signalement et intervention — Observatoire de la biodiversité du Nord–Pas-de-Calais | observatoire-biodiversite-npdc.fr/dossiers/que-faire-nid-frelon-asiatique-signalement | cet article;score SEO 37 < 60;formulaire de commentaire natif | structure de forum (sujets, inscription) | captcha détecté sur la page;;https://www.salamandre.org/connexion/;lien-interne : salamandre.org;2026-09-26;2026-09-26;a-traiter;
49;53;57;Contact à prendre;Page de liens / partenaires;https://www.sdis38.fr/66-partenaires.htm;sdis38.fr;Partenaires - Service Départemental d'Incendie et de Secours;;oui;inconnu;dofollow;non;non;?;100 % (GPTBot, OAI-SearchBot, ClaudeBot, PerplexityBot, Google-Extended);frelons, guêpes, abeilles;Isère;https://allo-frelons.fr/destruction-traitement-nids-guepes-frelons-isere-38;1 (site);ALLO FRELONS | allo-frelons.fr/destruction-traitement-nids-guepes-frelons-isere-38 | ALLO FRELONS Isère;spot éditorial : lien direct vers le site;page de liens (27 liens externes) | liens de la page : dofollow;;;utile : page-liens;2026-09-26;2026-09-26;a-traiter;
48;37;66;Inscription requise;Forum;https://forums.futura-sciences.com/bricolage-decoration/269999-faire-difference.html;futura-sciences.com;comment faire la difference?;vBulletin;oui;inconnu;inconnu;non;non;?;100 % (GPTBot, OAI-SearchBot, ClaudeBot, PerplexityBot, Google-Extended);maison, bricolage;;https://observatoire-biodiversite-npdc.fr/dossiers/que-faire-nid-frelon-asiatique-signalement/;2 (relais);Que faire face à un nid de frelon asiatique ? Signalement et intervention — Observatoire de la biodiversité du Nord–Pas-de-Calais | observatoire-biodiversite-npdc.fr/dossiers/que-faire-nid-frelon-asiatique-signalement | cet article;score SEO 37 < 60;forum vBulletin;;https://forums.futura-sciences.com/register.php;lien-interne : forums.futura-sciences.com;2026-09-26;2026-09-26;a-traiter;
48;33;72;Inscription requise;Forum;https://forums.futura-sciences.com/jardinage/962261-article-permaculture-solution-illusion.html;futura-sciences.com;[Technique] Article : la permaculture : solution ou illusion ?;vBulletin;oui;inconnu;nofollow;non;non;?;100 % (GPTBot, OAI-SearchBot, ClaudeBot, PerplexityBot, Google-Extended);abeille, jardinage, potager, nature, maison;Haute-Loire;https://observatoire-biodiversite-npdc.fr/dossiers/que-faire-nid-frelon-asiatique-signalement/;2 (relais);Que faire face à un nid de frelon asiatique ? Signalement et intervention — Observatoire de la biodiversité du Nord–Pas-de-Calais | observatoire-biodiversite-npdc.fr/dossiers/que-faire-nid-frelon-asiatique-signalement | cet article;score SEO 33 < 60;forum vBulletin | liens dans les messages : nofollow;;https://forums.futura-sciences.com/register.php;lien-interne : forums.futura-sciences.com;2026-09-26;2026-09-26;a-traiter;
48;34;68;Inscription requise;Forum;https://forums.futura-sciences.com/register.php;futura-sciences.com;S'inscrire à Forum FS Generation;vBulletin;oui;inconnu;inconnu;non;oui;?;100 % (GPTBot, OAI-SearchBot, ClaudeBot, PerplexityBot, Google-Extended);;Paris;https://www.entreprisenettoyageparis.fr/top-3-entreprises-destruction-nids-de-guepes-et-frelons-a-paris/;2 (relais);Top 3 des entreprises de destruction nids de guêpes et frelons à Paris | www.entreprisenettoyageparis.fr/top-3-entreprises-destruction-nids-de-guepes-et-frelons-a-paris | cet article;score SEO 34 < 60;forum vBulletin | captcha détecté sur la page;;https://forums.futura-sciences.com/register.php;utile : inscription;2026-09-26;2026-09-26;a-traiter;
48;37;66;Inscription requise;Forum;https://www.aquajardin.net/forum/viewforum.php?f=83;aquajardin.net;Forum Aquajardin - Bassin koï, mare, étang - Informations générales;phpBB;oui;inconnu;inconnu;non;non;?;100 % (GPTBot, OAI-SearchBot, ClaudeBot, PerplexityBot, Google-Extended);jardin, nature, bricolage;;https://observatoire-biodiversite-npdc.fr/dossiers/que-faire-nid-frelon-asiatique-signalement/;2 (relais);Que faire face à un nid de frelon asiatique ? Signalement et intervention — Observatoire de la biodiversité du Nord–Pas-de-Calais | observatoire-biodiversite-npdc.fr/dossiers/que-faire-nid-frelon-asiatique-signalement | cet article;score SEO 37 < 60;forum phpBB;;https://www.aquajardin.net/forum/ucp.php?mode=register;lien-interne : aquajardin.net;2026-09-26;2026-09-26;a-traiter;
48;40;61;Inscription requise;Forum;https://www.aujardin.org/viewtopic.php?p=3186812;aujardin.org;Quelques questions sur Groww (appli et version web) - Au jardin, forum de jardinage;phpBB;non (canonique vers https://www.aujardin.org/viewtopic.php?t=213774);inconnu;dofollow;non;non;?;61 % (OAI-SearchBot, Google-Extended);abeilles, jardin, jardinage, potager, nature, maison, bricolage, animaux;Provence;https://www.entreprisenettoyageparis.fr/top-3-entreprises-destruction-nids-de-guepes-et-frelons-a-paris/;2 (relais);Top 3 des entreprises de destruction nids de guêpes et frelons à Paris | www.entreprisenettoyageparis.fr/top-3-entreprises-destruction-nids-de-guepes-et-frelons-a-paris | cet article;score SEO 40 < 60;forum phpBB | liens dans les messages : dofollow;;https://www.aujardin.org/ucp.php?mode=register;lien-interne : aujardin.org;2026-09-26;2026-09-26;a-traiter;
47;35;64;Inscription requise;Forum;https://forums.futura-sciences.com/;futura-sciences.com;Forum FS Generation;vBulletin;oui;inconnu;inconnu;non;non;?;100 % (GPTBot, OAI-SearchBot, ClaudeBot, PerplexityBot, Google-Extended);jardinage, nature, maison, bricolage;;https://www.entreprisenettoyageparis.fr/top-3-entreprises-destruction-nids-de-guepes-et-frelons-a-paris/;2 (relais);Top 3 des entreprises de destruction nids de guêpes et frelons à Paris | www.entreprisenettoyageparis.fr/top-3-entreprises-destruction-nids-de-guepes-et-frelons-a-paris | cet article;score SEO 35 < 60;forum vBulletin;;https://forums.futura-sciences.com/register.php;lien-interne : forums.futura-sciences.com;2026-09-26;2026-09-26;a-traiter;
47;37;62;Inscription requise;Forum;https://forums.futura-sciences.com/futura-maison-forums-de-maison/;futura-sciences.com;Forum : Futura-Maison : les forums de la maison;vBulletin;oui;inconnu;inconnu;non;non;?;100 % (GPTBot, OAI-SearchBot, ClaudeBot, PerplexityBot, Google-Extended);jardinage, maison, bricolage;;https://observatoire-biodiversite-npdc.fr/dossiers/que-faire-nid-frelon-asiatique-signalement/;2 (relais);Que faire face à un nid de frelon asiatique ? Signalement et intervention — Observatoire de la biodiversité du Nord–Pas-de-Calais | observatoire-biodiversite-npdc.fr/dossiers/que-faire-nid-frelon-asiatique-signalement | cet article;score SEO 37 < 60;forum vBulletin;;https://forums.futura-sciences.com/register.php;lien-interne : forums.futura-sciences.com;2026-09-26;2026-09-26;a-traiter;
47;35;65;Inscription requise;Forum;https://forums.futura-sciences.com/jardinage/955375-convivialite-forum-respect-de-larticle-2-de-charte.html;futura-sciences.com;"Convivialité sur le forum; respect de l'article 2 de la charte.";vBulletin;oui;inconnu;inconnu;non;non;?;100 % (GPTBot, OAI-SearchBot, ClaudeBot, PerplexityBot, Google-Extended);jardinage, maison;;https://www.entreprisenettoyageparis.fr/top-3-entreprises-destruction-nids-de-guepes-et-frelons-a-paris/;2 (relais);Top 3 des entreprises de destruction nids de guêpes et frelons à Paris | www.entreprisenettoyageparis.fr/top-3-entreprises-destruction-nids-de-guepes-et-frelons-a-paris | cet article;score SEO 35 < 60;forum vBulletin;;https://forums.futura-sciences.com/register.php;lien-interne : forums.futura-sciences.com;2026-09-26;2026-09-26;a-traiter;
47;38;61;Inscription requise;Annuaire;https://mon-presta.fr/annuaire/activites/autre-prestataire-de-construction;mon-presta.fr;282 Autres prestataire de construction trouvés | Mon-presta.fr - Annuaire des indépendants (FNAE);;oui;inconnu;inconnu;non;non;?;100 % (GPTBot, OAI-SearchBot, ClaudeBot, PerplexityBot, Google-Extended);maison;Lille, Paris, Lyon, Marseille, Bordeaux, Toulouse;https://allo-frelons.fr/;1 (site);ALLO FRELONS | allo-frelons.fr | ALLO FRELONS Lille;spot éditorial : lien direct vers le site;annuaire avec lien d'ajout : « INSCRIPTION GRATUITE ▸ »;;;lien-interne : mon-presta.fr;2026-09-26;2026-09-26;a-traiter;
47;38;61;Inscription requise;Annuaire;https://www.annuaireartisan.fr/;annuaireartisan.fr;Annuaire artisan;Arfooo;oui;inconnu;inconnu;non;non;?;100 % (GPTBot, OAI-SearchBot, ClaudeBot, PerplexityBot, Google-Extended);jardin, maison;Paris, Strasbourg, Nevers;https://allo-frelons.fr/;1 (site);ALLO FRELONS | allo-frelons.fr | ALLO FRELONS Paris;spot éditorial : lien direct vers le site;annuaire avec lien d'ajout : « Proposer un site »;;;"requete : annuaire artisans ""inscription gratuite"" entreprises";2026-09-26;2026-09-26;a-traiter;
47;35;64;Inscription requise;Forum;https://www.aquajardin.net/forum/viewforum.php?f=50;aquajardin.net;Questions souvent posées, analyseur d'eau, calculateurs - Forum Aquajardin - Bassin koï, mare, étang;phpBB;oui;inconnu;inconnu;non;non;?;100 % (GPTBot, OAI-SearchBot, ClaudeBot, PerplexityBot, Google-Extended);jardin, nature, bricolage;;https://observatoire-biodiversite-npdc.fr/especes/frelon-asiatique/;2 (relais);Frelon asiatique (Vespa velutina nigrithorax) — Observatoire de la biodiversité du Nord–Pas-de-Calais | observatoire-biodiversite-npdc.fr/especes/frelon-asiatique | cet article;score SEO 35 < 60;forum phpBB;;https://www.aquajardin.net/forum/ucp.php?mode=register;lien-interne : aquajardin.net;2026-09-26;2026-09-26;a-traiter;
47;43;51;Inscription requise;Annuaire;https://www.baoo.fr/;baoo.fr;BAOO : La boite à outils online du webmaster;;oui;inconnu;dofollow;non;non;?;100 % (GPTBot, OAI-SearchBot, ClaudeBot, PerplexityBot, Google-Extended);;;https://allo-frelons.fr/;1 (site);ALLO FRELONS | allo-frelons.fr;spot éditorial : lien direct vers le site;annuaire avec lien d'ajout : « Annuaire référencement gratuit »;;;graine;2026-09-26;2026-09-26;a-traiter;
47;33;67;Inscription requise;Questions / réponses;https://www.saintbrice95.fr/contacter-un-service-108.html;saintbrice95.fr;Contacter un service;TYPO3;oui;inconnu;inconnu;non;non;?;100 % (GPTBot, OAI-SearchBot, ClaudeBot, PerplexityBot, Google-Extended);frelons, maison, animaux;;https://www.entreprisenettoyageparis.fr/top-3-entreprises-destruction-nids-de-guepes-et-frelons-a-paris/;2 (relais);Top 3 des entreprises de destruction nids de guêpes et frelons à Paris | www.entreprisenettoyageparis.fr/top-3-entreprises-destruction-nids-de-guepes-et-frelons-a-paris | cet article;score SEO 33 < 60;questions/réponses : « poser une question »;https://www.saintbrice95.fr/contacter-un-service-108.html?tx_powermail_pi1%5Baction%5D=create&tx_powermail_pi1%5Bcontroller%5D=Form;;lien-interne : saintbrice95.fr;2026-09-26;2026-09-26;a-traiter;
47;50;55;Contact à prendre;Page de liens / partenaires;https://www.lavalette83.fr/site-officiel-la-valette-du-var/partenaires/mission-locale-du-coudon-au-gapeau/;lavalette83.fr;Mission Locale du Coudon au Gapeau - Ville de La Valette-du-Var Ville de La Valette-du-Var;WordPress;oui;inconnu;dofollow;non;non;?;100 % (GPTBot, OAI-SearchBot, ClaudeBot, PerplexityBot, Google-Extended);maison;Provence;https://allo-frelons.fr/entreprise-professionnelle-pour-lutter-contre-les-guepes-et-frelons-dans-le-var-83;1 (site);ALLO FRELONS | allo-frelons.fr/entreprise-professionnelle-pour-lutter-contre-les-guepes-et-frelons-dans-le-var-83 | ALLO FRELONS Provence;spot éditorial : lien direct vers le site;page de liens (15 liens externes) | liens de la page : dofollow;;;utile : page-liens;2026-09-26;2026-09-26;a-traiter;
47;50;55;Contact à prendre;Page de liens / partenaires;https://www.lavalette83.fr/site-officiel-la-valette-du-var/partenaires/semexval/;lavalette83.fr;Partenaire Semexval - Site officiel La Valette-du-Var Ville de La Valette-du-Var;WordPress;oui;inconnu;dofollow;non;non;?;100 % (GPTBot, OAI-SearchBot, ClaudeBot, PerplexityBot, Google-Extended);maison;Provence;https://allo-frelons.fr/entreprise-professionnelle-pour-lutter-contre-les-guepes-et-frelons-dans-le-var-83;1 (site);ALLO FRELONS | allo-frelons.fr/entreprise-professionnelle-pour-lutter-contre-les-guepes-et-frelons-dans-le-var-83 | ALLO FRELONS Provence;spot éditorial : lien direct vers le site;page de liens (14 liens externes) | liens de la page : dofollow;;;utile : page-liens;2026-09-26;2026-09-26;a-traiter;
47;50;55;Contact à prendre;Page de liens / partenaires;https://www.lavalette83.fr/site-officiel-la-valette-du-var/partenaires/sittomat/;lavalette83.fr;Sittomat - Ville de La Valette-du-Var Ville de La Valette-du-Var;WordPress;oui;inconnu;dofollow;non;non;?;100 % (GPTBot, OAI-SearchBot, ClaudeBot, PerplexityBot, Google-Extended);maison;Provence;https://allo-frelons.fr/entreprise-professionnelle-pour-lutter-contre-les-guepes-et-frelons-dans-le-var-83;1 (site);ALLO FRELONS | allo-frelons.fr/entreprise-professionnelle-pour-lutter-contre-les-guepes-et-frelons-dans-le-var-83 | ALLO FRELONS Provence;spot éditorial : lien direct vers le site;page de liens (15 liens externes) | liens de la page : dofollow;;;utile : page-liens;2026-09-26;2026-09-26;a-traiter;
46;36;46;Immédiat (formulaire);Annuaire;http://annuaire.siteweb.free.fr/submit_site.php?action=meta_pass&id_cat=0;siteweb.free.fr;Soumettre un site dans l'annuaire;;oui;inconnu;inconnu;oui;non;?;100 % (GPTBot, OAI-SearchBot, ClaudeBot, PerplexityBot, Google-Extended);;;https://allo-frelons.fr/;1 (site);ALLO FRELONS | allo-frelons.fr;spot éditorial : lien direct vers le site;formulaire d'ajout (url+description);;;lien-interne : annuaire.siteweb.free.fr;2026-09-26;2026-09-26;a-traiter;
46;33;52;Immédiat (formulaire);Commentaire de blog;https://infopreneur.blog/outils-suivi-referencement-naturel/;infopreneur.blog;▷ Top 20 des outils SEO de suivi du référencement naturel;WordPress;oui;inconnu;inconnu;oui;non;?;100 % (GPTBot, OAI-SearchBot, ClaudeBot, PerplexityBot, Google-Extended);;;https://www.entreprisenettoyageparis.fr/top-3-entreprises-destruction-nids-de-guepes-et-frelons-a-paris/;2 (relais);Top 3 des entreprises de destruction nids de guêpes et frelons à Paris | www.entreprisenettoyageparis.fr/top-3-entreprises-destruction-nids-de-guepes-et-frelons-a-paris | cet article;spot de masse : renforcer une page relais plutôt que le site principal;formulaire de commentaire natif (#commentform) | champ « site web » dans le formulaire | 4 commentaire(s) déjà publié(s);;;lien-interne : infopreneur.blog;2026-09-26;2026-09-26;a-traiter;
46;33;52;Immédiat (formulaire);Commentaire de blog;https://infopreneur.blog/plugin-seo-wordpress/;infopreneur.blog;▷ 9 Plugin SEO WordPress pour booster votre référencement naturel;WordPress;oui;inconnu;inconnu;oui;non;?;100 % (GPTBot, OAI-SearchBot, ClaudeBot, PerplexityBot, Google-Extended);;;https://www.entreprisenettoyageparis.fr/top-3-entreprises-destruction-nids-de-guepes-et-frelons-a-paris/;2 (relais);Top 3 des entreprises de destruction nids de guêpes et frelons à Paris | www.entreprisenettoyageparis.fr/top-3-entreprises-destruction-nids-de-guepes-et-frelons-a-paris | cet article;spot de masse : renforcer une page relais plutôt que le site principal;formulaire de commentaire natif (#commentform) | champ « site web » dans le formulaire | 4 commentaire(s) déjà publié(s);;;lien-interne : infopreneur.blog;2026-09-26;2026-09-26;a-traiter;
46;28;73;Inscription requise;Forum;https://forums.futura-sciences.com/jardinage/960802-zygocactus.html;futura-sciences.com;[Ornement] Zygocactus;vBulletin;oui;inconnu;nofollow;non;non;?;100 % (GPTBot, OAI-SearchBot, ClaudeBot, PerplexityBot, Google-Extended);jardinage, maison;Sarthe;https://observatoire-biodiversite-npdc.fr/especes/frelon-asiatique/;2 (relais);Frelon asiatique (Vespa velutina nigrithorax) — Observatoire de la biodiversité du Nord–Pas-de-Calais | observatoire-biodiversite-npdc.fr/especes/frelon-asiatique | cet article;score SEO 28 < 60;forum vBulletin | liens dans les messages : nofollow;;https://forums.futura-sciences.com/register.php;lien-interne : forums.futura-sciences.com;2026-09-26;2026-09-26;a-traiter;
46;28;73;Inscription requise;Forum;https://forums.futura-sciences.com/jardinage/963266-articles-legislation-lherbe-de-pampa.html;futura-sciences.com;[Divers] Articles sur la législation et l'herbe de la pampa;vBulletin;oui;inconnu;nofollow;non;non;?;100 % (GPTBot, OAI-SearchBot, ClaudeBot, PerplexityBot, Google-Extended);jardinage, maison;Bretagne;https://observatoire-biodiversite-npdc.fr/dossiers/que-faire-nid-frelon-asiatique-signalement/;2 (relais);Que faire face à un nid de frelon asiatique ? Signalement et intervention — Observatoire de la biodiversité du Nord–Pas-de-Calais | observatoire-biodiversite-npdc.fr/dossiers/que-faire-nid-frelon-asiatique-signalement | cet article;score SEO 28 < 60;forum vBulletin | liens dans les messages : nofollow;;https://forums.futura-sciences.com/register.php;lien-interne : forums.futura-sciences.com;2026-09-26;2026-09-26;a-traiter;
46;37;60;Inscription requise;Annuaire;https://mon-presta.fr/annuaire/activites/autre-prestataire-de-services;mon-presta.fr;1170 Autres prestataire de services trouvés | Mon-presta.fr - Annuaire des indépendants (FNAE);;oui;inconnu;inconnu;non;non;?;100 % (GPTBot, OAI-SearchBot, ClaudeBot, PerplexityBot, Google-Extended);maison, bricolage;Lille, Paris, Lyon, Marseille, Bordeaux, Toulouse;https://allo-frelons.fr/;1 (site);ALLO FRELONS | allo-frelons.fr | ALLO FRELONS Lille;spot éditorial : lien direct vers le site;annuaire avec lien d'ajout : « INSCRIPTION GRATUITE ▸ »;;;lien-interne : mon-presta.fr;2026-09-26;2026-09-26;a-traiter;
46;37;60;Inscription requise;Annuaire;https://mon-presta.fr/annuaire/activites/autre-prestataire-de-services-a-la-personne;mon-presta.fr;298 Autres prestataire de services à la personne trouvés | Mon-presta.fr - Annuaire des indépendants (FNAE);;oui;inconnu;inconnu;non;non;?;100 % (GPTBot, OAI-SearchBot, ClaudeBot, PerplexityBot, Google-Extended);bricolage;Lille, Paris, Lyon, Marseille, Bordeaux, Toulouse;https://allo-frelons.fr/;1 (site);ALLO FRELONS | allo-frelons.fr | ALLO FRELONS Lille;spot éditorial : lien direct vers le site;annuaire avec lien d'ajout : « INSCRIPTION GRATUITE ▸ »;;;lien-interne : mon-presta.fr;2026-09-26;2026-09-26;a-traiter;
46;37;60;Inscription requise;Annuaire;https://mon-presta.fr/annuaire/activites/peintre-en-batiment;mon-presta.fr;251 Peintres en bâtiment trouvés | Mon-presta.fr - Annuaire des indépendants (FNAE);;oui;inconnu;inconnu;non;non;?;100 % (GPTBot, OAI-SearchBot, ClaudeBot, PerplexityBot, Google-Extended);bricolage;Lille, Paris, Lyon, Marseille, Bordeaux, Toulouse;https://allo-frelons.fr/;1 (site);ALLO FRELONS | allo-frelons.fr | ALLO FRELONS Lille;spot éditorial : lien direct vers le site;annuaire avec lien d'ajout : « INSCRIPTION GRATUITE ▸ »;;;lien-interne : mon-presta.fr;2026-09-26;2026-09-26;a-traiter;
46;37;60;Inscription requise;Annuaire;https://mon-presta.fr/annuaire/villes;mon-presta.fr;Auto-entrepreneurs par ville | Mon-presta.fr - Annuaire des indépendants (FNAE);;oui;inconnu;inconnu;non;non;?;100 % (GPTBot, OAI-SearchBot, ClaudeBot, PerplexityBot, Google-Extended);jardin;Lille, Nord, Paris, Lyon, Marseille, Bordeaux;https://allo-frelons.fr/;1 (site);ALLO FRELONS | allo-frelons.fr | ALLO FRELONS Lille;spot éditorial : lien direct vers le site;annuaire avec lien d'ajout : « INSCRIPTION GRATUITE ▸ »;;;lien-interne : mon-presta.fr;2026-09-26;2026-09-26;a-traiter;
46;36;60;Inscription requise;Annuaire;https://www.annuaireartisan.fr/ressources/ressources/artisans-de-france-trouver-un-artisan-s1389.html;annuaireartisan.fr;Artisans de France - Trouver un artisan;Arfooo;oui;inconnu;inconnu;non;oui;?;100 % (GPTBot, OAI-SearchBot, ClaudeBot, PerplexityBot, Google-Extended);jardin, maison;Lyon;https://allo-frelons.fr/;1 (site);ALLO FRELONS | allo-frelons.fr | ALLO FRELONS Lyon;spot éditorial : lien direct vers le site;annuaire (Arfooo) | captcha détecté sur la page;;;utile : page-liens;2026-09-26;2026-09-26;a-traiter;
46;49;55;Contact à prendre;Page de liens / partenaires;https://www.ccvalleedugaron.com/nous-connaitre/les-partenaires/;ccvalleedugaron.com;Les partenaires de la CCVG;WordPress;oui;inconnu;dofollow;non;oui;?;100 % (GPTBot, OAI-SearchBot, ClaudeBot, PerplexityBot, Google-Extended);biodiversité;Lyon, Auvergne-Rhône-Alpes, Rhône;https://allo-frelons.fr/;1 (site);ALLO FRELONS | allo-frelons.fr | ALLO FRELONS Lyon;spot éditorial : lien direct vers le site;page de liens (34 liens externes) | liens de la page : dofollow | captcha détecté sur la page;;;utile : page-liens;2026-09-26;2026-09-26;a-traiter;
45;32;50;Immédiat (formulaire);Livre d'or;https://www.lerucherarpeli.fr/livre-d-or-avis/;lerucherarpeli.fr;Livre d'Or / Avis clients - Le Rucher Arpeli Apiculture;Jimdo;oui;inconnu;inconnu;non;oui;?;100 % (GPTBot, OAI-SearchBot, ClaudeBot, PerplexityBot, Google-Extended);abeilles, apiculture, apiculteur, ruche, maison;Nord, Normandie, Suisse romande;https://www.entreprisenettoyageparis.fr/top-3-entreprises-destruction-nids-de-guepes-et-frelons-a-paris/;2 (relais);Top 3 des entreprises de destruction nids de guêpes et frelons à Paris | www.entreprisenettoyageparis.fr/top-3-entreprises-destruction-nids-de-guepes-et-frelons-a-paris | cet article;spot de masse : renforcer une page relais plutôt que le site principal;page livre d'or | captcha détecté sur la page;;;"requete : ""livre d'or"" apiculture rucher";2026-09-26;2026-09-26;a-traiter;
45;39;52;Inscription requise;Annuaire;https://annuairedujardin.fr/bassins-de-jardin/;annuairedujardin.fr;Bassins de jardin;Arfooo;oui;inconnu;inconnu;non;non;?;100 % (GPTBot, OAI-SearchBot, ClaudeBot, PerplexityBot, Google-Extended);jardin, nature;;https://allo-frelons.fr/;1 (site);ALLO FRELONS | allo-frelons.fr;spot éditorial : lien direct vers le site;annuaire avec lien d'ajout : « Soumettre un site »;;;lien-externe : depuis aquajardin.net;2026-09-26;2026-09-26;a-traiter;
45;35;59;Inscription requise;Annuaire;https://emmanuelle-wiesemes.com/sur-quels-annuaires-inscrire-site-web/;emmanuelle-wiesemes.com;Où inscrire votre site pour son référencement ? Top des Annuaires SEO & WEB;WordPress;oui;inconnu;inconnu;non;oui;?;100 % (GPTBot, OAI-SearchBot, ClaudeBot, PerplexityBot, Google-Extended);;Wallonie;https://allo-frelons.fr/;1 (site);ALLO FRELONS | allo-frelons.fr | ALLO FRELONS Wallonie;spot éditorial : lien direct vers le site;annuaire (WordPress) | captcha détecté sur la page;;;"requete : annuaire ""proposer un site"" gratuit";2026-09-26;2026-09-26;a-traiter;
45;36;59;Inscription requise;Annuaire;https://mon-presta.fr/annuaire/activites/assistant-informatique-et-internet-a-domicile;mon-presta.fr;221 Assistants informatique et internet à domicile trouvées | Mon-presta.fr - Annuaire des indépendants (FNAE);;oui;inconnu;inconnu;non;non;?;100 % (GPTBot, OAI-SearchBot, ClaudeBot, PerplexityBot, Google-Extended);;Lille, Paris, Lyon, Marseille, Bordeaux, Toulouse;https://allo-frelons.fr/;1 (site);ALLO FRELONS | allo-frelons.fr | ALLO FRELONS Lille;spot éditorial : lien direct vers le site;annuaire avec lien d'ajout : « INSCRIPTION GRATUITE ▸ »;;;lien-interne : mon-presta.fr;2026-09-26;2026-09-26;a-traiter;
45;36;59;Inscription requise;Annuaire;https://mon-presta.fr/annuaire/activites/autre-prestataire-administratif-juridique-ou-comptable;mon-presta.fr;373 Autres prestataire administratif, juridique ou comptable trouvés | Mon-presta.fr - Annuaire des indépendants (FNAE);Jimdo;oui;inconnu;inconnu;non;non;?;100 % (GPTBot, OAI-SearchBot, ClaudeBot, PerplexityBot, Google-Extended);;Lille, Paris, Lyon, Marseille, Bordeaux, Toulouse;https://allo-frelons.fr/;1 (site);ALLO FRELONS | allo-frelons.fr | ALLO FRELONS Lille;spot éditorial : lien direct vers le site;annuaire avec lien d'ajout : « INSCRIPTION GRATUITE ▸ »;;;lien-interne : mon-presta.fr;2026-09-26;2026-09-26;a-traiter;
45;36;59;Inscription requise;Annuaire;https://mon-presta.fr/annuaire/activites/coach;mon-presta.fr;602 Coachs trouvés | Mon-presta.fr - Annuaire des indépendants (FNAE);Forumactif;oui;inconnu;inconnu;non;non;?;100 % (GPTBot, OAI-SearchBot, ClaudeBot, PerplexityBot, Google-Extended);;Lille, Paris, Lyon, Marseille, Bordeaux, Toulouse;https://allo-frelons.fr/;1 (site);ALLO FRELONS | allo-frelons.fr | ALLO FRELONS Lille;spot éditorial : lien direct vers le site;forum Forumactif | annuaire avec lien d'ajout : « INSCRIPTION GRATUITE ▸ »;;https://professionnels.mon-presta.fr/inscription;lien-interne : mon-presta.fr;2026-09-26;2026-09-26;a-traiter;
45;36;59;Inscription requise;Annuaire;https://mon-presta.fr/annuaire/activites/conseiller-en-communication;mon-presta.fr;294 Conseillers en communication trouvés | Mon-presta.fr - Annuaire des indépendants (FNAE);;oui;inconnu;inconnu;non;non;?;100 % (GPTBot, OAI-SearchBot, ClaudeBot, PerplexityBot, Google-Extended);;Lille, Paris, Lyon, Marseille, Bordeaux, Toulouse;https://allo-frelons.fr/;1 (site);ALLO FRELONS | allo-frelons.fr | ALLO FRELONS Lille;spot éditorial : lien direct vers le site;annuaire avec lien d'ajout : « INSCRIPTION GRATUITE ▸ »;;;lien-interne : mon-presta.fr;2026-09-26;2026-09-26;a-traiter;
45;36;59;Inscription requise;Annuaire;https://mon-presta.fr/annuaire/activites/conseiller-en-marketing;mon-presta.fr;239 Conseillers en marketing trouvés | Mon-presta.fr - Annuaire des indépendants (FNAE);;oui;inconnu;inconnu;non;non;?;100 % (GPTBot, OAI-SearchBot, ClaudeBot, PerplexityBot, Google-Extended);;Lille, Paris, Lyon, Marseille, Bordeaux, Toulouse;https://allo-frelons.fr/;1 (site);ALLO FRELONS | allo-frelons.fr | ALLO FRELONS Lille;spot éditorial : lien direct vers le site;annuaire avec lien d'ajout : « INSCRIPTION GRATUITE ▸ »;;;lien-interne : mon-presta.fr;2026-09-26;2026-09-26;a-traiter;
45;36;59;Inscription requise;Annuaire;https://mon-presta.fr/annuaire/activites/consultant;mon-presta.fr;496 Consultants trouvés | Mon-presta.fr - Annuaire des indépendants (FNAE);Jimdo;oui;inconnu;inconnu;non;non;?;100 % (GPTBot, OAI-SearchBot, ClaudeBot, PerplexityBot, Google-Extended);;Lille, Paris, Lyon, Marseille, Bordeaux, Toulouse;https://allo-frelons.fr/;1 (site);ALLO FRELONS | allo-frelons.fr | ALLO FRELONS Lille;spot éditorial : lien direct vers le site;annuaire avec lien d'ajout : « INSCRIPTION GRATUITE ▸ »;;;lien-interne : mon-presta.fr;2026-09-26;2026-09-26;a-traiter;
45;36;59;Inscription requise;Annuaire;https://mon-presta.fr/annuaire/activites/correspondant-de-presse;mon-presta.fr;4 Correspondants de presse trouvés | Mon-presta.fr - Annuaire des indépendants (FNAE);;oui;inconnu;inconnu;non;non;?;100 % (GPTBot, OAI-SearchBot, ClaudeBot, PerplexityBot, Google-Extended);;Lille, Paris, Lyon, Marseille, Bordeaux, Toulouse;https://allo-frelons.fr/;1 (site);ALLO FRELONS | allo-frelons.fr | ALLO FRELONS Lille;spot éditorial : lien direct vers le site;formulaire de commentaire natif | liens des commentaires : nofollow | annuaire avec lien d'ajout : « INSCRIPTION GRATUITE ▸ »;;;lien-interne : mon-presta.fr;2026-09-26;2026-09-26;a-traiter;
45;36;59;Inscription requise;Annuaire;https://mon-presta.fr/annuaire/activites/couvreur;mon-presta.fr;435 Couvreurs trouvés | Mon-presta.fr - Annuaire des indépendants (FNAE);;oui;inconnu;inconnu;non;non;?;100 % (GPTBot, OAI-SearchBot, ClaudeBot, PerplexityBot, Google-Extended);;Lille, Paris, Lyon, Marseille, Bordeaux, Toulouse;https://allo-frelons.fr/;1 (site);ALLO FRELONS | allo-frelons.fr | ALLO FRELONS Lille;spot éditorial : lien direct vers le site;annuaire avec lien d'ajout : « INSCRIPTION GRATUITE ▸ »;;;lien-interne : mon-presta.fr;2026-09-26;2026-09-26;a-traiter;
45;36;59;Inscription requise;Annuaire;https://mon-presta.fr/annuaire/activites/designer-web;mon-presta.fr;460 Designers web trouvés | Mon-presta.fr - Annuaire des indépendants (FNAE);;oui;inconnu;inconnu;non;non;?;100 % (GPTBot, OAI-SearchBot, ClaudeBot, PerplexityBot, Google-Extended);;Lille, Paris, Lyon, Marseille, Bordeaux, Toulouse;https://allo-frelons.fr/;1 (site);ALLO FRELONS | allo-frelons.fr | ALLO FRELONS Lille;spot éditorial : lien direct vers le site;annuaire avec lien d'ajout : « INSCRIPTION GRATUITE ▸ »;;;lien-interne : mon-presta.fr;2026-09-26;2026-09-26;a-traiter;
45;36;59;Inscription requise;Annuaire;https://mon-presta.fr/annuaire/activites/developpeur;mon-presta.fr;311 Développeurs trouvés | Mon-presta.fr - Annuaire des indépendants (FNAE);;oui;inconnu;inconnu;non;non;?;100 % (GPTBot, OAI-SearchBot, ClaudeBot, PerplexityBot, Google-Extended);;Lille, Paris, Lyon, Marseille, Bordeaux, Toulouse;https://allo-frelons.fr/;1 (site);ALLO FRELONS | allo-frelons.fr | ALLO FRELONS Lille;spot éditorial : lien direct vers le site;annuaire avec lien d'ajout : « INSCRIPTION GRATUITE ▸ »;;;lien-interne : mon-presta.fr;2026-09-26;2026-09-26;a-traiter;
45;36;59;Inscription requise;Annuaire;https://mon-presta.fr/annuaire/activites/formateur;mon-presta.fr;576 Formateurs trouvés | Mon-presta.fr - Annuaire des indépendants (FNAE);;oui;inconnu;inconnu;non;non;?;100 % (GPTBot, OAI-SearchBot, ClaudeBot, PerplexityBot, Google-Extended);;Lille, Paris, Lyon, Marseille, Bordeaux, Toulouse;https://allo-frelons.fr/;1 (site);ALLO FRELONS | allo-frelons.fr | ALLO FRELONS Lille;spot éditorial : lien direct vers le site;annuaire avec lien d'ajout : « INSCRIPTION GRATUITE ▸ »;;;lien-interne : mon-presta.fr;2026-09-26;2026-09-26;a-traiter;
45;36;59;Inscription requise;Annuaire;https://mon-presta.fr/annuaire/activites/graphiste;mon-presta.fr;411 Graphistes trouvés | Mon-presta.fr - Annuaire des indépendants (FNAE);;oui;inconnu;inconnu;non;non;?;100 % (GPTBot, OAI-SearchBot, ClaudeBot, PerplexityBot, Google-Extended);;Lille, Paris, Lyon, Marseille, Bordeaux, Toulouse;https://allo-frelons.fr/;1 (site);ALLO FRELONS | allo-frelons.fr | ALLO FRELONS Lille;spot éditorial : lien direct vers le site;annuaire avec lien d'ajout : « INSCRIPTION GRATUITE ▸ »;;;lien-interne : mon-presta.fr;2026-09-26;2026-09-26;a-traiter;
45;36;59;Inscription requise;Annuaire;https://mon-presta.fr/annuaire/activites/hypnotherapeute;mon-presta.fr;270 Hypnothérapeutes trouvés | Mon-presta.fr - Annuaire des indépendants (FNAE);;oui;inconnu;inconnu;non;non;?;100 % (GPTBot, OAI-SearchBot, ClaudeBot, PerplexityBot, Google-Extended);;Lille, Paris, Lyon, Marseille, Bordeaux, Toulouse;https://allo-frelons.fr/;1 (site);ALLO FRELONS | allo-frelons.fr | ALLO FRELONS Lille;spot éditorial : lien direct vers le site;annuaire avec lien d'ajout : « INSCRIPTION GRATUITE ▸ »;;;lien-interne : mon-presta.fr;2026-09-26;2026-09-26;a-traiter;
45;36;59;Inscription requise;Annuaire;https://mon-presta.fr/annuaire/activites/photographe;mon-presta.fr;332 Photographes trouvés | Mon-presta.fr - Annuaire des indépendants (FNAE);Jimdo;oui;inconnu;inconnu;non;non;?;100 % (GPTBot, OAI-SearchBot, ClaudeBot, PerplexityBot, Google-Extended);;Lille, Paris, Lyon, Marseille, Bordeaux, Toulouse;https://allo-frelons.fr/;1 (site);ALLO FRELONS | allo-frelons.fr | ALLO FRELONS Lille;spot éditorial : lien direct vers le site;annuaire avec lien d'ajout : « INSCRIPTION GRATUITE ▸ »;;;lien-interne : mon-presta.fr;2026-09-26;2026-09-26;a-traiter;
45;36;59;Inscription requise;Annuaire;https://www.annuaire-artisan.com/;annuaire-artisan.com;Annuaire artisan : Référencement gratuit pour les professionnels;Arfooo;oui;inconnu;inconnu;non;non;?;100 % (GPTBot, OAI-SearchBot, ClaudeBot, PerplexityBot, Google-Extended);;Hauts-de-France, Nevers, Bourgogne, Bretagne;https://allo-frelons.fr/;1 (site);ALLO FRELONS | allo-frelons.fr | ALLO FRELONS Hauts-de-France;spot éditorial : lien direct vers le site;annuaire avec lien d'ajout : « AJOUTER UN SITE »;;;"requete : annuaire artisans ""inscription gratuite"" entreprises";2026-09-26;2026-09-26;a-traiter;
45;37;55;Inscription requise;Annuaire;https://www.annuaire-artisan.com/info/partenaires;annuaire-artisan.com;Annuaire d'annuaires artisans, professionnels, partenaires;Arfooo;oui;inconnu;inconnu;non;non;?;100 % (GPTBot, OAI-SearchBot, ClaudeBot, PerplexityBot, Google-Extended);maison;Hauts-de-France, Bourgogne, Bretagne, Normandie;https://allo-frelons.fr/;1 (site);ALLO FRELONS | allo-frelons.fr | ALLO FRELONS Hauts-de-France;spot éditorial : lien direct vers le site;annuaire (Arfooo);;;utile : page-liens;2026-09-26;2026-09-26;a-traiter;
45;37;55;Inscription requise;Annuaire;https://www.annuaire-artisan.com/partenaires.html;annuaire-artisan.com;Annuaire d'annuaires artisans, professionnels, partenaires;Arfooo;oui;inconnu;inconnu;non;non;?;100 % (GPTBot, OAI-SearchBot, ClaudeBot, PerplexityBot, Google-Extended);maison;Hauts-de-France, Bourgogne, Bretagne, Normandie;https://allo-frelons.fr/;1 (site);ALLO FRELONS | allo-frelons.fr | ALLO FRELONS Hauts-de-France;spot éditorial : lien direct vers le site;annuaire (Arfooo);;;utile : page-liens;2026-09-26;2026-09-26;a-traiter;
45;30;67;Inscription requise;Forum;https://www.aquajardin.net/forum/viewtopic.php?f=43&p=172449;aquajardin.net;Comment effectuer la réparation d'une bâche en EPDM ? - Forum Aquajardin - Bassin koï, mare, étang;phpBB;non (canonique vers https://www.aquajardin.net/forum/viewtopic.php?t=14210);inconnu;dofollow;non;non;?;100 % (GPTBot, OAI-SearchBot, ClaudeBot, PerplexityBot, Google-Extended);jardin, nature, maison, bricolage;Landes;https://observatoire-biodiversite-npdc.fr/especes/frelon-asiatique/;2 (relais);Frelon asiatique (Vespa velutina nigrithorax) — Observatoire de la biodiversité du Nord–Pas-de-Calais | observatoire-biodiversite-npdc.fr/especes/frelon-asiatique | cet article;score SEO 30 < 60;forum phpBB | liens dans les messages : dofollow;;https://www.aquajardin.net/forum/ucp.php?mode=register;lien-interne : aquajardin.net;2026-09-26;2026-09-26;a-traiter;
44;29;66;Inscription requise;Forum;https://www.aquajardin.net/forum/viewtopic.php?f=49&p=147840;aquajardin.net;comment a t'elle fait...^^ - Forum Aquajardin - Bassin koï, mare, étang;Canalblog;non (canonique vers https://www.aquajardin.net/forum/viewtopic.php?t=11682);inconnu;dofollow;non;non;?;100 % (GPTBot, OAI-SearchBot, ClaudeBot, PerplexityBot, Google-Extended);jardin, nature, bricolage;Toulouse, Lot, Lot-et-Garonne, Vosges;https://www.entreprisenettoyageparis.fr/top-3-entreprises-destruction-nids-de-guepes-et-frelons-a-paris/;2 (relais);Top 3 des entreprises de destruction nids de guêpes et frelons à Paris | www.entreprisenettoyageparis.fr/top-3-entreprises-destruction-nids-de-guepes-et-frelons-a-paris | cet article;score SEO 29 < 60;structure de forum (sujets, inscription) | liens dans les messages : dofollow | liens de signature : dofollow;;https://www.aquajardin.net/forum/ucp.php?mode=register;lien-interne : aquajardin.net;2026-09-26;2026-09-26;a-traiter;
43;36;38;Immédiat (formulaire);Annuaire;http://annuaire.siteweb.free.fr/submit_site.php?action=meta_pass&id_cat=15;siteweb.free.fr;Soumettre un site dans l'annuaire;;oui;inconnu;inconnu;oui;non;?;100 % (GPTBot, OAI-SearchBot, ClaudeBot, PerplexityBot, Google-Extended);;;https://allo-frelons.fr/;1 (site);ALLO FRELONS | allo-frelons.fr;spot éditorial : lien direct vers le site;formulaire d'ajout (url+description);;;lien-interne : annuaire.siteweb.free.fr;2026-09-26;2026-09-26;a-traiter;
43;35;38;Immédiat (formulaire);Annuaire;https://www.baoo.fr/annuaire-site-add.php;baoo.fr;Inscrivez gratuitement votre site dans l'annuaire BAOO;;oui;inconnu;inconnu;oui;oui;?;100 % (GPTBot, OAI-SearchBot, ClaudeBot, PerplexityBot, Google-Extended);;;https://allo-frelons.fr/;1 (site);ALLO FRELONS | allo-frelons.fr;spot éditorial : lien direct vers le site;formulaire d'ajout (url+description) | captcha détecté sur la page;;;utile : ajout-annuaire;2026-09-26;2026-09-26;a-traiter;
43;37;51;Inscription requise;Annuaire;https://annuairedujardin.fr/webmaster-login.html;annuairedujardin.fr;Connexion / Inscription;Arfooo;oui;inconnu;inconnu;non;oui;?;100 % (GPTBot, OAI-SearchBot, ClaudeBot, PerplexityBot, Google-Extended);nuisibles, apiculture, jardin, jardinage, potager;;https://allo-frelons.fr/;1 (site);ALLO FRELONS | allo-frelons.fr;spot éditorial : lien direct vers le site;annuaire avec lien d'ajout : « Soumettre un site » | captcha détecté sur la page;;https://annuairedujardin.fr/webmaster-login.html;utile : ajout-annuaire;2026-09-26;2026-09-26;a-traiter;
43;30;60;Inscription requise;Forum;https://forums.futura-sciences.com/biologie/42184-levure-moisissure-faire-difference.html;futura-sciences.com;Levure et moisissure comment faire la différence???;vBulletin;oui;inconnu;inconnu;non;non;?;100 % (GPTBot, OAI-SearchBot, ClaudeBot, PerplexityBot, Google-Extended);;;https://observatoire-biodiversite-npdc.fr/dossiers/que-faire-nid-frelon-asiatique-signalement/;2 (relais);Que faire face à un nid de frelon asiatique ? Signalement et intervention — Observatoire de la biodiversité du Nord–Pas-de-Calais | observatoire-biodiversite-npdc.fr/dossiers/que-faire-nid-frelon-asiatique-signalement | cet article;score SEO 30 < 60;forum vBulletin;;https://forums.futura-sciences.com/register.php;lien-interne : forums.futura-sciences.com;2026-09-26;2026-09-26;a-traiter;
43;26;68;Inscription requise;Forum;https://forums.futura-sciences.com/jardinage/958146-question-plantes-de-bassin.html;futura-sciences.com;[Ornement] Question sur les plantes de bassin;vBulletin;oui;inconnu;nofollow;non;non;?;100 % (GPTBot, OAI-SearchBot, ClaudeBot, PerplexityBot, Google-Extended);jardin, jardinage, maison;;https://observatoire-biodiversite-npdc.fr/especes/frelon-asiatique/;2 (relais);Frelon asiatique (Vespa velutina nigrithorax) — Observatoire de la biodiversité du Nord–Pas-de-Calais | observatoire-biodiversite-npdc.fr/especes/frelon-asiatique | cet article;score SEO 26 < 60;forum vBulletin | liens dans les messages : nofollow;;https://forums.futura-sciences.com/register.php;lien-interne : forums.futura-sciences.com;2026-09-26;2026-09-26;a-traiter;
43;31;61;Inscription requise;Forum;https://www.aquajardin.net/forum/posting.php?mode=quote&f=23&p=173140;aquajardin.net;Forum Aquajardin - Bassin koï, mare, étang - Connexion;phpBB;oui;inconnu;inconnu;non;non;?;100 % (GPTBot, OAI-SearchBot, ClaudeBot, PerplexityBot, Google-Extended);jardin, bricolage;;https://www.entreprisenettoyageparis.fr/top-3-entreprises-destruction-nids-de-guepes-et-frelons-a-paris/;2 (relais);Top 3 des entreprises de destruction nids de guêpes et frelons à Paris | www.entreprisenettoyageparis.fr/top-3-entreprises-destruction-nids-de-guepes-et-frelons-a-paris | cet article;score SEO 31 < 60;forum phpBB;;https://www.aquajardin.net/forum/ucp.php?mode=register;lien-interne : aquajardin.net;2026-09-26;2026-09-26;a-traiter;
43;31;61;Inscription requise;Forum;https://www.aquajardin.net/forum/posting.php?mode=reply&f=23&t=15870;aquajardin.net;Forum Aquajardin - Bassin koï, mare, étang - Connexion;phpBB;oui;inconnu;inconnu;non;non;?;100 % (GPTBot, OAI-SearchBot, ClaudeBot, PerplexityBot, Google-Extended);jardin, bricolage;;https://www.entreprisenettoyageparis.fr/top-3-entreprises-destruction-nids-de-guepes-et-frelons-a-paris/;2 (relais);Top 3 des entreprises de destruction nids de guêpes et frelons à Paris | www.entreprisenettoyageparis.fr/top-3-entreprises-destruction-nids-de-guepes-et-frelons-a-paris | cet article;score SEO 31 < 60;forum phpBB;;https://www.aquajardin.net/forum/ucp.php?mode=register;lien-interne : aquajardin.net;2026-09-26;2026-09-26;a-traiter;
43;31;61;Inscription requise;Forum;https://www.aquajardin.net/forum/ucp.php?mode=login;aquajardin.net;Forum Aquajardin - Bassin koï, mare, étang - Panneau de l’utilisateur - Connexion;phpBB;oui;inconnu;inconnu;non;non;?;100 % (GPTBot, OAI-SearchBot, ClaudeBot, PerplexityBot, Google-Extended);jardin, bricolage;;https://observatoire-biodiversite-npdc.fr/dossiers/que-faire-nid-frelon-asiatique-signalement/;2 (relais);Que faire face à un nid de frelon asiatique ? Signalement et intervention — Observatoire de la biodiversité du Nord–Pas-de-Calais | observatoire-biodiversite-npdc.fr/dossiers/que-faire-nid-frelon-asiatique-signalement | cet article;score SEO 31 < 60;forum phpBB;;https://www.aquajardin.net/forum/ucp.php?mode=register;lien-interne : aquajardin.net;2026-09-26;2026-09-26;a-traiter;
43;29;64;Inscription requise;Questions / réponses;https://www.meilleur-artisan.com/docs/question-reponse.php;meilleur-artisan.com;Obtenez toutes les réponses d'expert à vos questions bâtiment;;oui;inconnu;inconnu;non;oui;?;100 % (GPTBot, OAI-SearchBot, ClaudeBot, PerplexityBot, Google-Extended);maison;;https://www.entreprisenettoyageparis.fr/top-3-entreprises-destruction-nids-de-guepes-et-frelons-a-paris/;2 (relais);Top 3 des entreprises de destruction nids de guêpes et frelons à Paris | www.entreprisenettoyageparis.fr/top-3-entreprises-destruction-nids-de-guepes-et-frelons-a-paris | cet article;score SEO 29 < 60;questions/réponses : « poser votre question » | captcha détecté sur la page;;;lien-interne : meilleur-artisan.com;2026-09-26;2026-09-26;a-traiter;
42;33;54;Inscription requise;Annuaire;https://alertemoustique.fr/register.php;alertemoustique.fr;Créer un compte — Alerte Moustique;;oui;inconnu;inconnu;non;oui;?;100 % (GPTBot, OAI-SearchBot, ClaudeBot, PerplexityBot, Google-Extended);frelons, nid de frelons;;https://allo-frelons.fr/;1 (site);ALLO FRELONS | allo-frelons.fr;spot éditorial : lien direct vers le site;annuaire avec lien d'ajout : « Inscription gratuite » | captcha détecté sur la page;;https://alertemoustique.fr/register.php;utile : ajout-annuaire;2026-09-26;2026-09-26;a-traiter;
42;48;45;Contact à prendre;Page de liens / partenaires;https://www.lobservateur.fr/journaux-partenaires/;lobservateur.fr;Journaux partenaires;WordPress;oui;inconnu;dofollow;non;oui;?;61 % (OAI-SearchBot, ClaudeBot, PerplexityBot);;Hauts-de-France, Nouvelle-Aquitaine;https://allo-frelons.fr/;1 (site);ALLO FRELONS | allo-frelons.fr | ALLO FRELONS Hauts-de-France;spot éditorial : lien direct vers le site;page de liens (40 liens externes) | liens de la page : dofollow | captcha détecté sur la page;;;utile : page-liens;2026-09-26;2026-09-26;a-traiter;
41;32;53;Inscription requise;Annuaire;https://www.annuaireartisan.fr/ressources/ressources/les-erreurs-a-eviter-lors-de-la-construction-d-un-hangar-solaire-sur-v-s1406.html;annuaireartisan.fr;Les erreurs à éviter lors de la construction d’un hangar solaire sur votre propriété;Arfooo;oui;inconnu;inconnu;non;oui;?;100 % (GPTBot, OAI-SearchBot, ClaudeBot, PerplexityBot, Google-Extended);jardin, maison;;https://allo-frelons.fr/;1 (site);ALLO FRELONS | allo-frelons.fr;spot éditorial : lien direct vers le site;annuaire (Arfooo) | captcha détecté sur la page;;;utile : page-liens;2026-09-26;2026-09-26;a-traiter;
41;26;61;Inscription requise;Forum;https://www.aquajardin.net/forum/viewtopic.php?f=50&p=171060;aquajardin.net;Comment lutter contre les algues filamenteuses dans un bassin de jardin ? Existe-il des poissons qui en mangent ? - Forum Aquajardin -…;phpBB;non (canonique vers https://www.aquajardin.net/forum/viewtopic.php?t=15438);inconnu;dofollow;non;non;?;100 % (GPTBot, OAI-SearchBot, ClaudeBot, PerplexityBot, Google-Extended);jardin, nature, bricolage;;https://www.entreprisenettoyageparis.fr/top-3-entreprises-destruction-nids-de-guepes-et-frelons-a-paris/;2 (relais);Top 3 des entreprises de destruction nids de guêpes et frelons à Paris | www.entreprisenettoyageparis.fr/top-3-entreprises-destruction-nids-de-guepes-et-frelons-a-paris | cet article;score SEO 26 < 60;forum phpBB | liens dans les messages : dofollow | liens de signature : dofollow;;https://www.aquajardin.net/forum/ucp.php?mode=register;lien-interne : aquajardin.net;2026-09-26;2026-09-26;a-traiter;
41;44;47;Contact à prendre;Page de liens / partenaires;https://www.meilleur-artisan.com/docs/partenaires.php;meilleur-artisan.com;[MeilleurArtisan.com]: Nos partenaires bâtiment;;oui;inconnu;dofollow;non;non;?;100 % (GPTBot, OAI-SearchBot, ClaudeBot, PerplexityBot, Google-Extended);;;https://allo-frelons.fr/;1 (site);ALLO FRELONS | allo-frelons.fr;spot éditorial : lien direct vers le site;page de liens (37 liens externes) | liens de la page : dofollow;;;utile : page-liens;2026-09-26;2026-09-26;a-traiter;
40;37;43;Inscription requise;Annuaire;https://annuairedujardin.fr/contact.html;annuairedujardin.fr;Contact;Arfooo;oui;inconnu;inconnu;non;oui;?;100 % (GPTBot, OAI-SearchBot, ClaudeBot, PerplexityBot, Google-Extended);nuisibles, apiculture, jardin, jardinage, potager;;https://allo-frelons.fr/;1 (site);ALLO FRELONS | allo-frelons.fr;spot éditorial : lien direct vers le site;annuaire avec lien d'ajout : « Soumettre un site » | captcha détecté sur la page;;;lien-interne : annuairedujardin.fr;2026-09-26;2026-09-26;a-traiter;
40;31;51;Inscription requise;Annuaire;https://astuceswp.fr/annuaire;astuceswp.fr;Annuaire SEO gratuit de sites internet pour optimiser votre référencement;WordPress;oui;inconnu;inconnu;non;non;?;100 % (GPTBot, OAI-SearchBot, ClaudeBot, PerplexityBot, Google-Extended);;;https://allo-frelons.fr/;1 (site);ALLO FRELONS | allo-frelons.fr;spot éditorial : lien direct vers le site;annuaire avec lien d'ajout : « référencement »;;;graine;2026-09-26;2026-09-26;a-traiter;
40;31;52;Inscription requise;Annuaire;https://www.annuaireartisan.fr/ressources/ressources/photocopieurs-et-risographes-pour-les-artisans-s944.html;annuaireartisan.fr;Photocopieurs et risographes pour les artisans;Arfooo;oui;inconnu;inconnu;non;oui;?;100 % (GPTBot, OAI-SearchBot, ClaudeBot, PerplexityBot, Google-Extended);jardin, maison;;https://allo-frelons.fr/;1 (site);ALLO FRELONS | allo-frelons.fr;spot éditorial : lien direct vers le site;annuaire (Arfooo) | captcha détecté sur la page;;;utile : page-liens;2026-09-26;2026-09-26;a-traiter;
40;31;51;Inscription requise;Annuaire;https://www.coodoeil.fr/proposer_un_site.php;coodoeil.fr;Coodoeil : Annuaire Francophone Gratuit - Annuaire internet, rechercher sur le web;;oui;inconnu;inconnu;non;non;?;100 % (GPTBot, OAI-SearchBot, ClaudeBot, PerplexityBot, Google-Extended);;;https://allo-frelons.fr/;1 (site);ALLO FRELONS | allo-frelons.fr;spot éditorial : lien direct vers le site;annuaire avec lien d'ajout : « Proposer un site »;;;"requete : annuaire ""proposer un site"" gratuit";2026-09-26;2026-09-26;a-traiter;
39;31;47;Inscription requise;Annuaire;https://www.annuaireartisan.fr/contact.html;annuaireartisan.fr;Contact;Arfooo;oui;inconnu;inconnu;non;oui;?;100 % (GPTBot, OAI-SearchBot, ClaudeBot, PerplexityBot, Google-Extended);jardin, maison;;https://allo-frelons.fr/;1 (site);ALLO FRELONS | allo-frelons.fr;spot éditorial : lien direct vers le site;annuaire (Arfooo) | captcha détecté sur la page;;;lien-interne : annuaireartisan.fr;2026-09-26;2026-09-26;a-traiter;
39;32;47;Inscription requise;Annuaire;https://www.annuaireartisan.fr/info/useCondition;annuaireartisan.fr;Conditions d'utilisation;Arfooo;oui;inconnu;inconnu;non;non;?;100 % (GPTBot, OAI-SearchBot, ClaudeBot, PerplexityBot, Google-Extended);jardin, maison;;https://allo-frelons.fr/;1 (site);ALLO FRELONS | allo-frelons.fr;spot éditorial : lien direct vers le site;annuaire (Arfooo);;;utile : ajout-annuaire;2026-09-26;2026-09-26;a-traiter;
39;32;47;Inscription requise;Annuaire;https://www.annuaireartisan.fr/ressources/;annuaireartisan.fr;Ressources;Arfooo;oui;inconnu;inconnu;non;non;?;100 % (GPTBot, OAI-SearchBot, ClaudeBot, PerplexityBot, Google-Extended);maison;;https://allo-frelons.fr/;1 (site);ALLO FRELONS | allo-frelons.fr;spot éditorial : lien direct vers le site;annuaire (Arfooo);;;utile : page-liens;2026-09-26;2026-09-26;a-traiter;
39;31;47;Inscription requise;Annuaire;https://www.annuaireartisan.fr/ressources/ressources/choisir-l-artisanat-s3.html;annuaireartisan.fr;Choisir l'artisanat;Arfooo;oui;inconnu;inconnu;non;oui;?;100 % (GPTBot, OAI-SearchBot, ClaudeBot, PerplexityBot, Google-Extended);jardin, maison;;https://allo-frelons.fr/;1 (site);ALLO FRELONS | allo-frelons.fr;spot éditorial : lien direct vers le site;annuaire (Arfooo) | captcha détecté sur la page;;;utile : page-liens;2026-09-26;2026-09-26;a-traiter;
39;31;47;Inscription requise;Annuaire;https://www.annuaireartisan.fr/ressources/ressources/le-portail-officiel-de-l-artisanat-s1.html;annuaireartisan.fr;Le portail officiel de l'artisanat;Arfooo;oui;inconnu;inconnu;non;oui;?;100 % (GPTBot, OAI-SearchBot, ClaudeBot, PerplexityBot, Google-Extended);jardin, maison;;https://allo-frelons.fr/;1 (site);ALLO FRELONS | allo-frelons.fr;spot éditorial : lien direct vers le site;annuaire (Arfooo) | captcha détecté sur la page;;;utile : page-liens;2026-09-26;2026-09-26;a-traiter;
39;24;58;Inscription requise;Forum;https://www.aquajardin.net/forum/viewtopic.php?f=12&p=173169;aquajardin.net;comment sauver mes carpes koïs svp? - Forum Aquajardin - Bassin koï, mare, étang;phpBB;non (canonique vers https://www.aquajardin.net/forum/viewtopic.php?t=15877);inconnu;dofollow;non;non;?;100 % (GPTBot, OAI-SearchBot, ClaudeBot, PerplexityBot, Google-Extended);jardin, nature, bricolage;;https://www.entreprisenettoyageparis.fr/top-3-entreprises-destruction-nids-de-guepes-et-frelons-a-paris/;2 (relais);Top 3 des entreprises de destruction nids de guêpes et frelons à Paris | www.entreprisenettoyageparis.fr/top-3-entreprises-destruction-nids-de-guepes-et-frelons-a-paris | cet article;score SEO 24 < 60;forum phpBB | liens dans les messages : dofollow | liens de signature : dofollow;;https://www.aquajardin.net/forum/ucp.php?mode=register;lien-interne : aquajardin.net;2026-09-26;2026-09-26;a-traiter;
39;24;58;Inscription requise;Forum;https://www.aquajardin.net/forum/viewtopic.php?f=12&t=15877;aquajardin.net;comment sauver mes carpes koïs svp? - Forum Aquajardin - Bassin koï, mare, étang;phpBB;non (canonique vers https://www.aquajardin.net/forum/viewtopic.php?t=15877);inconnu;dofollow;non;non;?;100 % (GPTBot, OAI-SearchBot, ClaudeBot, PerplexityBot, Google-Extended);jardin, nature, bricolage;;https://observatoire-biodiversite-npdc.fr/especes/frelon-asiatique/;2 (relais);Frelon asiatique (Vespa velutina nigrithorax) — Observatoire de la biodiversité du Nord–Pas-de-Calais | observatoire-biodiversite-npdc.fr/especes/frelon-asiatique | cet article;score SEO 24 < 60;forum phpBB | liens dans les messages : dofollow | liens de signature : dofollow;;https://www.aquajardin.net/forum/ucp.php?mode=register;lien-interne : aquajardin.net;2026-09-26;2026-09-26;a-traiter;
39;21;65;Inscription requise;Forum;https://www.salamandre.org/forum/est-ce-que-les-animaux-femelles-ont-leurs-regles-si-oui-comment-font-elles/?reponse=true;salamandre.org;Est-ce que les animaux femelles ont leurs règles ? Si oui, comment font-elles ? - La Salamandre;WordPress;non (canonique vers https://www.salamandre.org/forum/est-ce-que-les-animaux-femelles-ont-leurs-regles-si-oui-comment-font-elles/);inconnu;inconnu;non;oui;?;100 % (GPTBot, OAI-SearchBot, ClaudeBot, PerplexityBot, Google-Extended);insectes, jardin, nature, animaux;;https://observatoire-biodiversite-npdc.fr/dossiers/que-faire-nid-frelon-asiatique-signalement/;2 (relais);Que faire face à un nid de frelon asiatique ? Signalement et intervention — Observatoire de la biodiversité du Nord–Pas-de-Calais | observatoire-biodiversite-npdc.fr/dossiers/que-faire-nid-frelon-asiatique-signalement | cet article;score SEO 21 < 60;formulaire de commentaire natif | structure de forum (sujets, inscription) | captcha détecté sur la page;;https://www.salamandre.org/connexion/;lien-interne : salamandre.org;2026-09-26;2026-09-26;a-traiter;
39;21;65;Inscription requise;Forum;https://www.salamandre.org/forum/hello-pas-de-question-mais-je-tenvoie-juste-la-photo-dune-mante-religieuse-que-jai-pris-dans-mon-jardin/?reponse=true;salamandre.org;Hello, pas de question, mais je t'envoie juste la photo d'une mante religieuse que j'ai pris dans mon jardin. - La Salamandre;WordPress;non (canonique vers https://www.salamandre.org/forum/hello-pas-de-question-mais-je-tenvoie-juste-la-photo-dune-mante-religieuse-que-jai-pris-dans-mon-jardin/);inconnu;inconnu;non;oui;?;100 % (GPTBot, OAI-SearchBot, ClaudeBot, PerplexityBot, Google-Extended);insectes, jardin, nature, animaux;;https://observatoire-biodiversite-npdc.fr/especes/frelon-asiatique/;2 (relais);Frelon asiatique (Vespa velutina nigrithorax) — Observatoire de la biodiversité du Nord–Pas-de-Calais | observatoire-biodiversite-npdc.fr/especes/frelon-asiatique | cet article;score SEO 21 < 60;structure de forum (sujets, inscription) | captcha détecté sur la page;;https://www.salamandre.org/connexion/;lien-interne : salamandre.org;2026-09-26;2026-09-26;a-traiter;
39;39;51;Contact à prendre;Page de liens / partenaires;https://www.aquajardin.net/liens.htm;aquajardin.net;Liens divers, échange;Microsoft;oui;inconnu;inconnu;non;non;?;100 % (GPTBot, OAI-SearchBot, ClaudeBot, PerplexityBot, Google-Extended);jardin, jardinage, potager, nature;;https://allo-frelons.fr/;1 (site);ALLO FRELONS | allo-frelons.fr;spot éditorial : lien direct vers le site;page de liens (55 liens externes);;;utile : page-liens;2026-09-26;2026-09-26;a-traiter;
38;24;42;Immédiat (formulaire);Livre d'or;https://www.shop-apiculture.com/livredor.php;shop-apiculture.com;Livre d'or;Shop;oui;inconnu;inconnu;non;non;?;100 % (GPTBot, OAI-SearchBot, ClaudeBot, PerplexityBot, Google-Extended);frelons, abeilles, apiculture, ruche;;https://www.entreprisenettoyageparis.fr/top-3-entreprises-destruction-nids-de-guepes-et-frelons-a-paris/;2 (relais);Top 3 des entreprises de destruction nids de guêpes et frelons à Paris | www.entreprisenettoyageparis.fr/top-3-entreprises-destruction-nids-de-guepes-et-frelons-a-paris | cet article;spot de masse : renforcer une page relais plutôt que le site principal;page livre d'or;;;"requete : ""livre d'or"" apiculture rucher";2026-09-26;2026-09-26;a-traiter;
37;15;67;Inscription requise;Forum;https://guepes-frelons.forumgratuit.org/register;guepes-frelons.forumgratuit.org;S'enregistrer;e-monsite;non (noindex (meta robots));inconnu;dofollow;non;non;?;83 % (GPTBot, OAI-SearchBot, ClaudeBot, PerplexityBot, Google-Extended);frelons, guêpes, nid de frelons;;https://observatoire-biodiversite-npdc.fr/especes/frelon-asiatique/;2 (relais);Frelon asiatique (Vespa velutina nigrithorax) — Observatoire de la biodiversité du Nord–Pas-de-Calais | observatoire-biodiversite-npdc.fr/especes/frelon-asiatique | cet article;score SEO 15 < 60;structure de forum (sujets, inscription) | liens dans les messages : dofollow;;https://guepes-frelons.forumgratuit.org/register;utile : inscription;2026-09-26;2026-09-26;a-traiter;
37;23;56;Inscription requise;Annuaire;https://www.baoo.fr/annuaire-referencement-gratuit.php;baoo.fr;L'annuaire baoo totalement gratuit et sans lien de retour;;non (canonique vers https://www.baoo.fr/);inconnu;inconnu;non;non;?;100 % (GPTBot, OAI-SearchBot, ClaudeBot, PerplexityBot, Google-Extended);jardin, jardinage, maison, bricolage, animaux;Paris;https://allo-frelons.fr/;1 (site);ALLO FRELONS | allo-frelons.fr | ALLO FRELONS Paris;spot éditorial : lien direct vers le site;annuaire avec lien d'ajout : « Ajouter votre site »;;;"requete : annuaire ""proposer un site"" gratuit";2026-09-26;2026-09-26;a-traiter;
37;19;62;Inscription requise;Forum;https://www.salamandre.org/salamandre-junior-la-salamandre/forum/?question=77561;salamandre.org;Forum - La Salamandre;WordPress;non (canonique vers https://www.salamandre.org/salamandre-junior-la-salamandre/forum/);inconnu;inconnu;non;oui;?;100 % (GPTBot, OAI-SearchBot, ClaudeBot, PerplexityBot, Google-Extended);insectes, jardin, nature, animaux;;https://observatoire-biodiversite-npdc.fr/dossiers/que-faire-nid-frelon-asiatique-signalement/;2 (relais);Que faire face à un nid de frelon asiatique ? Signalement et intervention — Observatoire de la biodiversité du Nord–Pas-de-Calais | observatoire-biodiversite-npdc.fr/dossiers/que-faire-nid-frelon-asiatique-signalement | cet article;score SEO 19 < 60;formulaire de commentaire natif | structure de forum (sujets, inscription) | captcha détecté sur la page;;https://www.salamandre.org/connexion/;lien-interne : salamandre.org;2026-09-26;2026-09-26;a-traiter;
37;19;62;Inscription requise;Forum;https://www.salamandre.org/salamandre-junior-la-salamandre/forum/?question=77925;salamandre.org;Forum - La Salamandre;WordPress;non (canonique vers https://www.salamandre.org/salamandre-junior-la-salamandre/forum/);inconnu;inconnu;non;oui;?;100 % (GPTBot, OAI-SearchBot, ClaudeBot, PerplexityBot, Google-Extended);insectes, jardin, nature, animaux;;https://observatoire-biodiversite-npdc.fr/dossiers/que-faire-nid-frelon-asiatique-signalement/;2 (relais);Que faire face à un nid de frelon asiatique ? Signalement et intervention — Observatoire de la biodiversité du Nord–Pas-de-Calais | observatoire-biodiversite-npdc.fr/dossiers/que-faire-nid-frelon-asiatique-signalement | cet article;score SEO 19 < 60;formulaire de commentaire natif | structure de forum (sujets, inscription) | captcha détecté sur la page;;https://www.salamandre.org/connexion/;lien-interne : salamandre.org;2026-09-26;2026-09-26;a-traiter;
37;19;62;Inscription requise;Forum;https://www.salamandre.org/salamandre-junior-la-salamandre/forum/?question=77928;salamandre.org;Forum - La Salamandre;WordPress;non (canonique vers https://www.salamandre.org/salamandre-junior-la-salamandre/forum/);inconnu;inconnu;non;oui;?;100 % (GPTBot, OAI-SearchBot, ClaudeBot, PerplexityBot, Google-Extended);insectes, jardin, nature, animaux;;https://www.entreprisenettoyageparis.fr/top-3-entreprises-destruction-nids-de-guepes-et-frelons-a-paris/;2 (relais);Top 3 des entreprises de destruction nids de guêpes et frelons à Paris | www.entreprisenettoyageparis.fr/top-3-entreprises-destruction-nids-de-guepes-et-frelons-a-paris | cet article;score SEO 19 < 60;formulaire de commentaire natif | structure de forum (sujets, inscription) | captcha détecté sur la page;;https://www.salamandre.org/connexion/;lien-interne : salamandre.org;2026-09-26;2026-09-26;a-traiter;
37;19;62;Inscription requise;Forum;https://www.salamandre.org/salamandre-junior-la-salamandre/forum/?question=77941;salamandre.org;Forum - La Salamandre;WordPress;non (canonique vers https://www.salamandre.org/salamandre-junior-la-salamandre/forum/);inconnu;inconnu;non;oui;?;100 % (GPTBot, OAI-SearchBot, ClaudeBot, PerplexityBot, Google-Extended);insectes, jardin, nature, animaux;;https://observatoire-biodiversite-npdc.fr/especes/frelon-asiatique/;2 (relais);Frelon asiatique (Vespa velutina nigrithorax) — Observatoire de la biodiversité du Nord–Pas-de-Calais | observatoire-biodiversite-npdc.fr/especes/frelon-asiatique | cet article;score SEO 19 < 60;formulaire de commentaire natif | structure de forum (sujets, inscription) | captcha détecté sur la page;;https://www.salamandre.org/connexion/;lien-interne : salamandre.org;2026-09-26;2026-09-26;a-traiter;
37;19;62;Inscription requise;Forum;https://www.salamandre.org/salamandre-junior-la-salamandre/forum/?question=77981;salamandre.org;Forum - La Salamandre;WordPress;non (canonique vers https://www.salamandre.org/salamandre-junior-la-salamandre/forum/);inconnu;inconnu;non;oui;?;100 % (GPTBot, OAI-SearchBot, ClaudeBot, PerplexityBot, Google-Extended);insectes, jardin, nature, animaux;;https://observatoire-biodiversite-npdc.fr/especes/frelon-asiatique/;2 (relais);Frelon asiatique (Vespa velutina nigrithorax) — Observatoire de la biodiversité du Nord–Pas-de-Calais | observatoire-biodiversite-npdc.fr/especes/frelon-asiatique | cet article;score SEO 19 < 60;formulaire de commentaire natif | structure de forum (sujets, inscription) | captcha détecté sur la page;;https://www.salamandre.org/connexion/;lien-interne : salamandre.org;2026-09-26;2026-09-26;a-traiter;
37;19;62;Inscription requise;Forum;https://www.salamandre.org/salamandre-junior-la-salamandre/forum/?question=77984;salamandre.org;Forum - La Salamandre;WordPress;non (canonique vers https://www.salamandre.org/salamandre-junior-la-salamandre/forum/);inconnu;inconnu;non;oui;?;100 % (GPTBot, OAI-SearchBot, ClaudeBot, PerplexityBot, Google-Extended);insectes, jardin, nature, animaux;;https://observatoire-biodiversite-npdc.fr/dossiers/que-faire-nid-frelon-asiatique-signalement/;2 (relais);Que faire face à un nid de frelon asiatique ? Signalement et intervention — Observatoire de la biodiversité du Nord–Pas-de-Calais | observatoire-biodiversite-npdc.fr/dossiers/que-faire-nid-frelon-asiatique-signalement | cet article;score SEO 19 < 60;formulaire de commentaire natif | structure de forum (sujets, inscription) | captcha détecté sur la page;;https://www.salamandre.org/connexion/;lien-interne : salamandre.org;2026-09-26;2026-09-26;a-traiter;
37;19;62;Inscription requise;Forum;https://www.salamandre.org/salamandre-junior-la-salamandre/forum/?question=78004;salamandre.org;Forum - La Salamandre;WordPress;non (canonique vers https://www.salamandre.org/salamandre-junior-la-salamandre/forum/);inconnu;inconnu;non;oui;?;100 % (GPTBot, OAI-SearchBot, ClaudeBot, PerplexityBot, Google-Extended);insectes, jardin, nature, animaux;;https://www.entreprisenettoyageparis.fr/top-3-entreprises-destruction-nids-de-guepes-et-frelons-a-paris/;2 (relais);Top 3 des entreprises de destruction nids de guêpes et frelons à Paris | www.entreprisenettoyageparis.fr/top-3-entreprises-destruction-nids-de-guepes-et-frelons-a-paris | cet article;score SEO 19 < 60;formulaire de commentaire natif | structure de forum (sujets, inscription) | captcha détecté sur la page;;https://www.salamandre.org/connexion/;lien-interne : salamandre.org;2026-09-26;2026-09-26;a-traiter;
37;19;62;Inscription requise;Forum;https://www.salamandre.org/salamandre-junior-la-salamandre/forum/?question=78013;salamandre.org;Forum - La Salamandre;WordPress;non (canonique vers https://www.salamandre.org/salamandre-junior-la-salamandre/forum/);inconnu;inconnu;non;oui;?;100 % (GPTBot, OAI-SearchBot, ClaudeBot, PerplexityBot, Google-Extended);insectes, jardin, nature, animaux;;https://observatoire-biodiversite-npdc.fr/especes/frelon-asiatique/;2 (relais);Frelon asiatique (Vespa velutina nigrithorax) — Observatoire de la biodiversité du Nord–Pas-de-Calais | observatoire-biodiversite-npdc.fr/especes/frelon-asiatique | cet article;score SEO 19 < 60;formulaire de commentaire natif | structure de forum (sujets, inscription) | captcha détecté sur la page;;https://www.salamandre.org/connexion/;lien-interne : salamandre.org;2026-09-26;2026-09-26;a-traiter;
37;19;62;Inscription requise;Forum;https://www.salamandre.org/salamandre-junior-la-salamandre/forum/?question=78016;salamandre.org;Forum - La Salamandre;WordPress;non (canonique vers https://www.salamandre.org/salamandre-junior-la-salamandre/forum/);inconnu;inconnu;non;oui;?;100 % (GPTBot, OAI-SearchBot, ClaudeBot, PerplexityBot, Google-Extended);insectes, jardin, nature, animaux;;https://observatoire-biodiversite-npdc.fr/especes/frelon-asiatique/;2 (relais);Frelon asiatique (Vespa velutina nigrithorax) — Observatoire de la biodiversité du Nord–Pas-de-Calais | observatoire-biodiversite-npdc.fr/especes/frelon-asiatique | cet article;score SEO 19 < 60;formulaire de commentaire natif | structure de forum (sujets, inscription) | captcha détecté sur la page;;https://www.salamandre.org/connexion/;lien-interne : salamandre.org;2026-09-26;2026-09-26;a-traiter;
37;19;62;Inscription requise;Forum;https://www.salamandre.org/salamandre-junior-la-salamandre/forum/?question=78132;salamandre.org;Forum - La Salamandre;WordPress;non (canonique vers https://www.salamandre.org/salamandre-junior-la-salamandre/forum/);inconnu;inconnu;non;oui;?;100 % (GPTBot, OAI-SearchBot, ClaudeBot, PerplexityBot, Google-Extended);insectes, jardin, nature, animaux;;https://observatoire-biodiversite-npdc.fr/dossiers/que-faire-nid-frelon-asiatique-signalement/;2 (relais);Que faire face à un nid de frelon asiatique ? Signalement et intervention — Observatoire de la biodiversité du Nord–Pas-de-Calais | observatoire-biodiversite-npdc.fr/dossiers/que-faire-nid-frelon-asiatique-signalement | cet article;score SEO 19 < 60;formulaire de commentaire natif | structure de forum (sujets, inscription) | captcha détecté sur la page;;https://www.salamandre.org/connexion/;lien-interne : salamandre.org;2026-09-26;2026-09-26;a-traiter;
37;41;41;Contact à prendre;Page de liens / partenaires;https://www.gabi77.org/le-g-a-b-i/nos-partenaires-et-amis/sites-amis-2;gabi77.org;Sites amis;Joomla;oui;inconnu;nofollow;non;non;?;6 % (Google-Extended);frelon, frelon asiatique, nature, maison;Seine-et-Marne;https://allo-frelons.fr/entreprise-frelons-guepes-frelon-asiatique-seine-et-marne-77;1 (site);ALLO FRELONS | allo-frelons.fr/entreprise-frelons-guepes-frelon-asiatique-seine-et-marne-77 | ALLO FRELONS Seine-et-Marne;spot éditorial : lien direct vers le site;page de liens (14 liens externes) | liens de la page : nofollow;;;utile : page-liens;2026-09-26;2026-09-26;a-traiter;
36;18;60;Inscription requise;Forum;https://www.salamandre.org/forum/bonjour-sam-jaimerais-savoir-comment-participer-au-podcast-sam-et-les-explorateurs-du-vivant-merci-davance-pour-ta-reponse/?reponse=true;salamandre.org;"Bonjour Sam, J'aimerais savoir comment participer au podcast ""Sam et les explorateurs du vivant"".Merci d'avance pour ta réponse ! - La…";WordPress;non (canonique vers https://www.salamandre.org/forum/bonjour-sam-jaimerais-savoir-comment-participer-au-podcast-sam-et-les-explorateurs-du-vivant-merci-davance-pour-ta-reponse/);inconnu;inconnu;non;oui;?;100 % (GPTBot, OAI-SearchBot, ClaudeBot, PerplexityBot, Google-Extended);insectes, jardin, nature, animaux;;https://www.entreprisenettoyageparis.fr/top-3-entreprises-destruction-nids-de-guepes-et-frelons-a-paris/;2 (relais);Top 3 des entreprises de destruction nids de guêpes et frelons à Paris | www.entreprisenettoyageparis.fr/top-3-entreprises-destruction-nids-de-guepes-et-frelons-a-paris | cet article;score SEO 18 < 60;formulaire de commentaire natif | structure de forum (sujets, inscription) | captcha détecté sur la page;;https://www.salamandre.org/connexion/;lien-interne : salamandre.org;2026-09-26;2026-09-26;a-traiter;
36;18;60;Inscription requise;Forum;https://www.salamandre.org/forum/bonjour-sam%f0%9f%a6%8equelle-energie-est-utilisee-par-nos-cellules-pour-fonctionner/?reponse=true;salamandre.org;Bonjour Sam🦎Quelle énergie est utilisée par nos cellules pour fonctionner ? - La Salamandre;WordPress;non (canonique vers https://www.salamandre.org/forum/bonjour-sam%f0%9f%a6%8equelle-energie-est-utilisee-par-nos-cellules-pour-fonctionner/);inconnu;inconnu;non;oui;?;100 % (GPTBot, OAI-SearchBot, ClaudeBot, PerplexityBot, Google-Extended);insectes, jardin, nature, animaux;;https://www.entreprisenettoyageparis.fr/top-3-entreprises-destruction-nids-de-guepes-et-frelons-a-paris/;2 (relais);Top 3 des entreprises de destruction nids de guêpes et frelons à Paris | www.entreprisenettoyageparis.fr/top-3-entreprises-destruction-nids-de-guepes-et-frelons-a-paris | cet article;score SEO 18 < 60;formulaire de commentaire natif | structure de forum (sujets, inscription) | captcha détecté sur la page;;https://www.salamandre.org/connexion/;lien-interne : salamandre.org;2026-09-26;2026-09-26;a-traiter;
36;18;60;Inscription requise;Forum;https://www.salamandre.org/forum/est-ce-que-les-salamandres-sont-forcement-dangereuses/?reponse=true;salamandre.org;Est-ce que les salamandres sont forcément dangereuses ? - La Salamandre;WordPress;non (canonique vers https://www.salamandre.org/forum/est-ce-que-les-salamandres-sont-forcement-dangereuses/);inconnu;inconnu;non;oui;?;100 % (GPTBot, OAI-SearchBot, ClaudeBot, PerplexityBot, Google-Extended);insectes, jardin, nature, animaux;;https://observatoire-biodiversite-npdc.fr/dossiers/que-faire-nid-frelon-asiatique-signalement/;2 (relais);Que faire face à un nid de frelon asiatique ? Signalement et intervention — Observatoire de la biodiversité du Nord–Pas-de-Calais | observatoire-biodiversite-npdc.fr/dossiers/que-faire-nid-frelon-asiatique-signalement | cet article;score SEO 18 < 60;formulaire de commentaire natif | structure de forum (sujets, inscription) | captcha détecté sur la page;;https://www.salamandre.org/connexion/;lien-interne : salamandre.org;2026-09-26;2026-09-26;a-traiter;
36;18;60;Inscription requise;Forum;https://www.salamandre.org/forum/la-tortue-caouanne-est-elle-immunisee-contre-le-venin-de-la-meduse/?reponse=true;salamandre.org;La tortue caouanne est-elle immunisée contre le venin de la méduse ? - La Salamandre;WordPress;non (canonique vers https://www.salamandre.org/forum/la-tortue-caouanne-est-elle-immunisee-contre-le-venin-de-la-meduse/);inconnu;inconnu;non;oui;?;100 % (GPTBot, OAI-SearchBot, ClaudeBot, PerplexityBot, Google-Extended);insectes, jardin, nature, animaux;;https://observatoire-biodiversite-npdc.fr/dossiers/que-faire-nid-frelon-asiatique-signalement/;2 (relais);Que faire face à un nid de frelon asiatique ? Signalement et intervention — Observatoire de la biodiversité du Nord–Pas-de-Calais | observatoire-biodiversite-npdc.fr/dossiers/que-faire-nid-frelon-asiatique-signalement | cet article;score SEO 18 < 60;formulaire de commentaire natif | structure de forum (sujets, inscription) | captcha détecté sur la page;;https://www.salamandre.org/connexion/;lien-interne : salamandre.org;2026-09-26;2026-09-26;a-traiter;
36;18;60;Inscription requise;Forum;https://www.salamandre.org/forum/pourquoi-ny-a-t-il-pas-de-marees-dans-le-mer-mediterranee/?reponse=true;salamandre.org;Pourquoi n'y a-t-il pas de marées dans le mer Méditerranée ? - La Salamandre;WordPress;non (canonique vers https://www.salamandre.org/forum/pourquoi-ny-a-t-il-pas-de-marees-dans-le-mer-mediterranee/);inconnu;inconnu;non;oui;?;100 % (GPTBot, OAI-SearchBot, ClaudeBot, PerplexityBot, Google-Extended);insectes, jardin, nature, animaux;;https://www.entreprisenettoyageparis.fr/top-3-entreprises-destruction-nids-de-guepes-et-frelons-a-paris/;2 (relais);Top 3 des entreprises de destruction nids de guêpes et frelons à Paris | www.entreprisenettoyageparis.fr/top-3-entreprises-destruction-nids-de-guepes-et-frelons-a-paris | cet article;score SEO 18 < 60;formulaire de commentaire natif | structure de forum (sujets, inscription) | captcha détecté sur la page;;https://www.salamandre.org/connexion/;lien-interne : salamandre.org;2026-09-26;2026-09-26;a-traiter;
36;18;60;Inscription requise;Forum;https://www.salamandre.org/forum/question-edition-quand-arrivera-le-prochain-numero-de-la-salamandre-pour-les-8-12-ans/?reponse=true;salamandre.org;Quand arrivera le prochain numéro de la salamandre pour les 8-12 ans ? - La Salamandre;WordPress;non (canonique vers https://www.salamandre.org/forum/question-edition-quand-arrivera-le-prochain-numero-de-la-salamandre-pour-les-8-12-ans/);inconnu;inconnu;non;oui;?;100 % (GPTBot, OAI-SearchBot, ClaudeBot, PerplexityBot, Google-Extended);insectes, jardin, nature, animaux;;https://observatoire-biodiversite-npdc.fr/dossiers/que-faire-nid-frelon-asiatique-signalement/;2 (relais);Que faire face à un nid de frelon asiatique ? Signalement et intervention — Observatoire de la biodiversité du Nord–Pas-de-Calais | observatoire-biodiversite-npdc.fr/dossiers/que-faire-nid-frelon-asiatique-signalement | cet article;score SEO 18 < 60;structure de forum (sujets, inscription) | captcha détecté sur la page;;https://www.salamandre.org/connexion/;lien-interne : salamandre.org;2026-09-26;2026-09-26;a-traiter;
36;18;60;Inscription requise;Forum;https://www.salamandre.org/forum/salut-sam-je-me-suis-balade-en-famille-je-suis-parti-du-pont-de-nant-et-jai-decouvert-le-trou-a-lours-cest-un-trou-au-milieu-du-pierrier-de-la-montagne-il-faut-saider-avec-des-chaines-c/?reponse=true;salamandre.org;Salut Sam ! Je me suis baladé en famille. Je suis parti du pont de Nant et j'ai découvert le trou à l'ours. C'est un trou au milieu du…;WordPress;non (canonique vers https://www.salamandre.org/forum/salut-sam-je-me-suis-balade-en-famille-je-suis-parti-du-pont-de-nant-et-jai-decouvert-le-trou-a-lours-cest-un-trou-au-milieu-du-pierrier-de-la-montagne-il-faut-saider-avec-des-chaines-c/);inconnu;inconnu;non;oui;?;100 % (GPTBot, OAI-SearchBot, ClaudeBot, PerplexityBot, Google-Extended);insectes, jardin, nature, animaux;;https://observatoire-biodiversite-npdc.fr/dossiers/que-faire-nid-frelon-asiatique-signalement/;2 (relais);Que faire face à un nid de frelon asiatique ? Signalement et intervention — Observatoire de la biodiversité du Nord–Pas-de-Calais | observatoire-biodiversite-npdc.fr/dossiers/que-faire-nid-frelon-asiatique-signalement | cet article;score SEO 18 < 60;formulaire de commentaire natif | structure de forum (sujets, inscription) | captcha détecté sur la page;;https://www.salamandre.org/connexion/;lien-interne : salamandre.org;2026-09-26;2026-09-26;a-traiter;
35;31;38;Inscription requise;Annuaire;http://annuaire.siteweb.free.fr/;siteweb.free.fr;Annuaire de sites Web Internet r�f�rencement gratuit de votre site;;oui;inconnu;inconnu;non;non;?;100 % (GPTBot, OAI-SearchBot, ClaudeBot, PerplexityBot, Google-Extended);;;https://allo-frelons.fr/;1 (site);ALLO FRELONS | allo-frelons.fr;spot éditorial : lien direct vers le site;annuaire avec lien d'ajout : « Proposer un site »;;;"requete : annuaire ""proposer un site"" gratuit";2026-09-26;2026-09-26;a-traiter;
35;31;38;Inscription requise;Annuaire;http://annuaire.siteweb.free.fr/?cat_id=15;siteweb.free.fr;ANNUAIRE de SITES WEB INTERNET : Rubrique Actualit�s et M�dias;;oui;inconnu;inconnu;non;non;?;100 % (GPTBot, OAI-SearchBot, ClaudeBot, PerplexityBot, Google-Extended);;;https://allo-frelons.fr/;1 (site);ALLO FRELONS | allo-frelons.fr;spot éditorial : lien direct vers le site;annuaire avec lien d'ajout : « Proposer un site dans cette cat�gorie »;;;lien-interne : annuaire.siteweb.free.fr;2026-09-26;2026-09-26;a-traiter;
35;31;38;Inscription requise;Annuaire;http://annuaire.siteweb.free.fr/submit_site.php?id_cat=&action=meta_get;siteweb.free.fr;Soumettre un site dans l'annuaire;;oui;inconnu;inconnu;non;non;?;100 % (GPTBot, OAI-SearchBot, ClaudeBot, PerplexityBot, Google-Extended);;;https://allo-frelons.fr/;1 (site);ALLO FRELONS | allo-frelons.fr;spot éditorial : lien direct vers le site;annuaire avec lien d'ajout : « Proposer un site »;;;utile : ajout-annuaire;2026-09-26;2026-09-26;a-traiter;
35;31;38;Inscription requise;Annuaire;http://annuaire.siteweb.free.fr/submit_site.php?id_cat=0&action=meta_get;siteweb.free.fr;Soumettre un site dans l'annuaire;;oui;inconnu;inconnu;non;non;?;100 % (GPTBot, OAI-SearchBot, ClaudeBot, PerplexityBot, Google-Extended);;;https://allo-frelons.fr/;1 (site);ALLO FRELONS | allo-frelons.fr;spot éditorial : lien direct vers le site;annuaire avec lien d'ajout : « Proposer un site »;;;utile : ajout-annuaire;2026-09-26;2026-09-26;a-traiter;
35;31;38;Inscription requise;Annuaire;http://annuaire.siteweb.free.fr/submit_site.php?id_cat=15&action=meta_get;siteweb.free.fr;Soumettre un site dans l'annuaire;;oui;inconnu;inconnu;non;non;?;100 % (GPTBot, OAI-SearchBot, ClaudeBot, PerplexityBot, Google-Extended);;;https://allo-frelons.fr/;1 (site);ALLO FRELONS | allo-frelons.fr;spot éditorial : lien direct vers le site;annuaire avec lien d'ajout : « Proposer un site »;;;utile : ajout-annuaire;2026-09-26;2026-09-26;a-traiter;
35;14;63;Inscription requise;Forum;https://www.apiculture-france.com/?mode=delete_cookies;apiculture-france.com;forum : abeilles et apiculture;phpBB;non (noindex (meta robots));inconnu;inconnu;non;non;?;83 % (GPTBot, OAI-SearchBot, ClaudeBot, PerplexityBot, Google-Extended);abeilles, apiculture;Pas-de-Calais, Bretagne;https://observatoire-biodiversite-npdc.fr/dossiers/que-faire-nid-frelon-asiatique-signalement/;2 (relais);Que faire face à un nid de frelon asiatique ? Signalement et intervention — Observatoire de la biodiversité du Nord–Pas-de-Calais | observatoire-biodiversite-npdc.fr/dossiers/que-faire-nid-frelon-asiatique-signalement | cet article;score SEO 14 < 60;forum phpBB;;https://www.apiculture-france.com/register;lien-interne : apiculture-france.com;2026-09-26;2026-09-26;a-traiter;
35;17;58;Inscription requise;Forum;https://www.aquajardin.net/forum/viewtopic.php?f=16&t=12996;aquajardin.net;OFFRES réservées aux membres - Forum Aquajardin - Bassin koï, mare, étang;phpBB;non (canonique vers https://www.aquajardin.net/forum/viewtopic.php?t=12996);inconnu;inconnu;non;non;?;100 % (GPTBot, OAI-SearchBot, ClaudeBot, PerplexityBot, Google-Extended);jardin, nature, bricolage;;https://www.entreprisenettoyageparis.fr/top-3-entreprises-destruction-nids-de-guepes-et-frelons-a-paris/;2 (relais);Top 3 des entreprises de destruction nids de guêpes et frelons à Paris | www.entreprisenettoyageparis.fr/top-3-entreprises-destruction-nids-de-guepes-et-frelons-a-paris | cet article;score SEO 17 < 60;forum phpBB;;https://www.aquajardin.net/forum/ucp.php?mode=register;lien-interne : aquajardin.net;2026-09-26;2026-09-26;a-traiter;
35;31;38;Inscription requise;Annuaire;https://www.zeleur.com/inscription;zeleur.com;Inscrivez-vous sur Zeleur;;oui;inconnu;inconnu;non;non;?;100 % (GPTBot, OAI-SearchBot, ClaudeBot, PerplexityBot, Google-Extended);;;https://allo-frelons.fr/;1 (site);ALLO FRELONS | allo-frelons.fr;spot éditorial : lien direct vers le site;annuaire avec lien d'ajout : « Proposer un site »;;https://www.zeleur.com/inscription;utile : ajout-annuaire;2026-09-26;2026-09-26;a-traiter;
35;31;38;Inscription requise;Annuaire;https://www.zeleur.com/proposer-un-site;zeleur.com;Référencement gratuit : référencez gratuitement votre site dans l’annuaire zeleur.com;;oui;inconnu;inconnu;non;non;?;100 % (GPTBot, OAI-SearchBot, ClaudeBot, PerplexityBot, Google-Extended);;;https://allo-frelons.fr/;1 (site);ALLO FRELONS | allo-frelons.fr;spot éditorial : lien direct vers le site;annuaire avec lien d'ajout : « Proposer un site »;;;"requete : annuaire ""proposer un site"" gratuit";2026-09-26;2026-09-26;a-traiter;
34;15;58;Inscription requise;Forum;https://www.apiculture-france.com/register;apiculture-france.com;S'enregistrer;phpBB;non (noindex (meta robots));inconnu;dofollow;non;oui;?;83 % (GPTBot, OAI-SearchBot, ClaudeBot, PerplexityBot, Google-Extended);abeilles, apiculture;Pas-de-Calais, Bretagne;https://observatoire-biodiversite-npdc.fr/dossiers/que-faire-nid-frelon-asiatique-signalement/;2 (relais);Que faire face à un nid de frelon asiatique ? Signalement et intervention — Observatoire de la biodiversité du Nord–Pas-de-Calais | observatoire-biodiversite-npdc.fr/dossiers/que-faire-nid-frelon-asiatique-signalement | cet article;score SEO 15 < 60;forum phpBB | liens dans les messages : dofollow | captcha détecté sur la page;;https://www.apiculture-france.com/register;utile : inscription;2026-09-26;2026-09-26;a-traiter;
33;17;53;Inscription requise;Forum;https://www.aujardin.org/viewtopic.php?t=48927&view=print;aujardin.org;Au jardin, forum de jardinage • nid de guepes;phpBB;non (noindex (meta robots));inconnu;inconnu;non;non;?;61 % (OAI-SearchBot, Google-Extended);frelons, guêpes, nid de frelons, nid de guêpes, abeilles, piqûre, jardin, jardinage;Tours;https://observatoire-biodiversite-npdc.fr/dossiers/que-faire-nid-frelon-asiatique-signalement/;2 (relais);Que faire face à un nid de frelon asiatique ? Signalement et intervention — Observatoire de la biodiversité du Nord–Pas-de-Calais | observatoire-biodiversite-npdc.fr/dossiers/que-faire-nid-frelon-asiatique-signalement | cet article;score SEO 17 < 60;forum phpBB;;;lien-interne : aujardin.org;2026-09-26;2026-09-26;a-traiter;
33;19;51;Inscription requise;Annuaire;https://www.meilleur-artisan.com/docs/offre-annuaire.php;meilleur-artisan.com;Annuaire pour artisan;;oui;inconnu;nofollow;non;non;?;100 % (GPTBot, OAI-SearchBot, ClaudeBot, PerplexityBot, Google-Extended);;;https://allo-frelons.fr/;1 (site);ALLO FRELONS | allo-frelons.fr;spot éditorial : lien direct vers le site;annuaire avec lien d'ajout : « Inscription gratuite »;;;"requete : annuaire artisans ""inscription gratuite"" entreprises";2026-09-26;2026-09-26;a-traiter;
31;12;56;Inscription requise;Forum;https://www.econologie.com/forums/ucp.php?mode=register;econologie.com;Forum Écologie, Énergies, Réparation, Maison, Bricolage et Innovations Durables - Panneau de contrôle de l’utilisateur - Inscription;phpBB;non (noindex (meta robots));inconnu;dofollow;non;non;?;100 % (GPTBot, OAI-SearchBot, ClaudeBot, PerplexityBot, Google-Extended);jardinage, maison, bricolage;;https://observatoire-biodiversite-npdc.fr/especes/frelon-asiatique/;2 (relais);Frelon asiatique (Vespa velutina nigrithorax) — Observatoire de la biodiversité du Nord–Pas-de-Calais | observatoire-biodiversite-npdc.fr/especes/frelon-asiatique | cet article;score SEO 12 < 60;forum phpBB | liens dans les messages : dofollow;;https://www.econologie.com/forums/ucp.php?mode=register;utile : inscription;2026-09-26;2026-09-26;a-traiter;
30;23;35;Inscription requise;Profil avec site web;https://lefrelon.com/inscription/desinsectiseur;lefrelon.com;Inscription désinsectiseur;;oui;inconnu;inconnu;oui;oui;?;100 % (GPTBot, OAI-SearchBot, ClaudeBot, PerplexityBot, Google-Extended);frelon, frelons, frelon asiatique, désinsectisation, piqûre;Nord, Pas-de-Calais, Paris, Nièvre;https://www.entreprisenettoyageparis.fr/top-3-entreprises-destruction-nids-de-guepes-et-frelons-a-paris/;2 (relais);Top 3 des entreprises de destruction nids de guêpes et frelons à Paris | www.entreprisenettoyageparis.fr/top-3-entreprises-destruction-nids-de-guepes-et-frelons-a-paris | cet article;spot de masse : renforcer une page relais plutôt que le site principal;inscription avec champ « site web » (profil public probable) | captcha détecté sur la page;;;utile : ajout-annuaire;2026-09-26;2026-09-26;a-traiter;
30;32;34;Contact à prendre;Page de liens / partenaires;https://www.baoo.fr/partenaires.php;baoo.fr;Les partenaires de BAOO;;oui;inconnu;inconnu;non;non;?;100 % (GPTBot, OAI-SearchBot, ClaudeBot, PerplexityBot, Google-Extended);;;https://allo-frelons.fr/;1 (site);ALLO FRELONS | allo-frelons.fr;spot éditorial : lien direct vers le site;page de liens (14 liens externes);;;utile : page-liens;2026-09-26;2026-09-26;a-traiter;
29;12;49;Inscription requise;Forum;https://forum-apiculture.forumactif.org/register;forum-apiculture.forumactif.org;Informations;Canalblog;non (noindex (meta robots));inconnu;dofollow;non;non;?;83 % (GPTBot, OAI-SearchBot, ClaudeBot, PerplexityBot, Google-Extended);frelon, frelon asiatique, abeilles, apiculture, ruche, pollinisateurs;;https://www.entreprisenettoyageparis.fr/top-3-entreprises-destruction-nids-de-guepes-et-frelons-a-paris/;2 (relais);Top 3 des entreprises de destruction nids de guêpes et frelons à Paris | www.entreprisenettoyageparis.fr/top-3-entreprises-destruction-nids-de-guepes-et-frelons-a-paris | cet article;score SEO 12 < 60;structure de forum (sujets, inscription) | liens dans les messages : dofollow;;https://forum-apiculture.forumactif.org/register;utile : inscription;2026-09-26;2026-09-26;a-traiter;
29;22;35;Inscription requise;Profil avec site web;https://lefrelon.com/inscription/collectivite;lefrelon.com;Mairies et intercommunalités : créez votre compte LeFrelon;;oui;inconnu;inconnu;oui;oui;?;100 % (GPTBot, OAI-SearchBot, ClaudeBot, PerplexityBot, Google-Extended);frelon, frelons, frelon asiatique, piqûre;Nord, Pas-de-Calais, Paris, Nièvre;https://www.entreprisenettoyageparis.fr/top-3-entreprises-destruction-nids-de-guepes-et-frelons-a-paris/;2 (relais);Top 3 des entreprises de destruction nids de guêpes et frelons à Paris | www.entreprisenettoyageparis.fr/top-3-entreprises-destruction-nids-de-guepes-et-frelons-a-paris | cet article;spot de masse : renforcer une page relais plutôt que le site principal;inscription avec champ « site web » (profil public probable) | captcha détecté sur la page;;;utile : ajout-annuaire;2026-09-26;2026-09-26;a-traiter;
27;9;50;Inscription requise;Forum;https://www.econologie.com/forums/ucp.php?mode=login;econologie.com;Forum Écologie, Énergies, Réparation, Maison, Bricolage et Innovations Durables - Panneau de contrôle de l’utilisateur - Connexion;phpBB;non (noindex (meta robots));inconnu;inconnu;non;non;?;100 % (GPTBot, OAI-SearchBot, ClaudeBot, PerplexityBot, Google-Extended);jardinage, maison, bricolage;;https://observatoire-biodiversite-npdc.fr/dossiers/que-faire-nid-frelon-asiatique-signalement/;2 (relais);Que faire face à un nid de frelon asiatique ? Signalement et intervention — Observatoire de la biodiversité du Nord–Pas-de-Calais | observatoire-biodiversite-npdc.fr/dossiers/que-faire-nid-frelon-asiatique-signalement | cet article;score SEO 9 < 60;forum phpBB;;https://www.econologie.com/forums/ucp.php?mode=register;lien-interne : econologie.com;2026-09-26;2026-09-26;a-traiter;
25;7;47;Inscription requise;Forum;https://forums.futura-sciences.com/newreply.php?p=3376867&noquote=1;futura-sciences.com;Forum FS Generation;vBulletin;non (noindex (meta robots));inconnu;inconnu;non;non;?;100 % (GPTBot, OAI-SearchBot, ClaudeBot, PerplexityBot, Google-Extended);jardinage, maison, bricolage;;https://www.entreprisenettoyageparis.fr/top-3-entreprises-destruction-nids-de-guepes-et-frelons-a-paris/;2 (relais);Top 3 des entreprises de destruction nids de guêpes et frelons à Paris | www.entreprisenettoyageparis.fr/top-3-entreprises-destruction-nids-de-guepes-et-frelons-a-paris | cet article;score SEO 7 < 60;forum vBulletin;;https://forums.futura-sciences.com/register.php;lien-interne : forums.futura-sciences.com;2026-09-26;2026-09-26;a-traiter;
25;7;47;Inscription requise;Forum;https://forums.futura-sciences.com/report.php?p=2472892;futura-sciences.com;Forum FS Generation;vBulletin;non (noindex (meta robots));inconnu;inconnu;non;non;?;100 % (GPTBot, OAI-SearchBot, ClaudeBot, PerplexityBot, Google-Extended);jardinage, maison, bricolage;;https://observatoire-biodiversite-npdc.fr/dossiers/que-faire-nid-frelon-asiatique-signalement/;2 (relais);Que faire face à un nid de frelon asiatique ? Signalement et intervention — Observatoire de la biodiversité du Nord–Pas-de-Calais | observatoire-biodiversite-npdc.fr/dossiers/que-faire-nid-frelon-asiatique-signalement | cet article;score SEO 7 < 60;forum vBulletin;;https://forums.futura-sciences.com/register.php;lien-interne : forums.futura-sciences.com;2026-09-26;2026-09-26;a-traiter;
25;7;47;Inscription requise;Forum;https://forums.futura-sciences.com/report.php?p=2472904;futura-sciences.com;Forum FS Generation;vBulletin;non (noindex (meta robots));inconnu;inconnu;non;non;?;100 % (GPTBot, OAI-SearchBot, ClaudeBot, PerplexityBot, Google-Extended);jardinage, maison, bricolage;;https://observatoire-biodiversite-npdc.fr/especes/frelon-asiatique/;2 (relais);Frelon asiatique (Vespa velutina nigrithorax) — Observatoire de la biodiversité du Nord–Pas-de-Calais | observatoire-biodiversite-npdc.fr/especes/frelon-asiatique | cet article;score SEO 7 < 60;forum vBulletin;;https://forums.futura-sciences.com/register.php;lien-interne : forums.futura-sciences.com;2026-09-26;2026-09-26;a-traiter;
25;7;47;Inscription requise;Forum;https://forums.futura-sciences.com/report.php?p=2472912;futura-sciences.com;Forum FS Generation;vBulletin;non (noindex (meta robots));inconnu;inconnu;non;non;?;100 % (GPTBot, OAI-SearchBot, ClaudeBot, PerplexityBot, Google-Extended);jardinage, maison, bricolage;;https://observatoire-biodiversite-npdc.fr/especes/frelon-asiatique/;2 (relais);Frelon asiatique (Vespa velutina nigrithorax) — Observatoire de la biodiversité du Nord–Pas-de-Calais | observatoire-biodiversite-npdc.fr/especes/frelon-asiatique | cet article;score SEO 7 < 60;forum vBulletin;;https://forums.futura-sciences.com/register.php;lien-interne : forums.futura-sciences.com;2026-09-26;2026-09-26;a-traiter;
25;7;47;Inscription requise;Forum;https://forums.futura-sciences.com/report.php?p=2472944;futura-sciences.com;Forum FS Generation;vBulletin;non (noindex (meta robots));inconnu;inconnu;non;non;?;100 % (GPTBot, OAI-SearchBot, ClaudeBot, PerplexityBot, Google-Extended);jardinage, maison, bricolage;;https://www.entreprisenettoyageparis.fr/top-3-entreprises-destruction-nids-de-guepes-et-frelons-a-paris/;2 (relais);Top 3 des entreprises de destruction nids de guêpes et frelons à Paris | www.entreprisenettoyageparis.fr/top-3-entreprises-destruction-nids-de-guepes-et-frelons-a-paris | cet article;score SEO 7 < 60;forum vBulletin;;https://forums.futura-sciences.com/register.php;lien-interne : forums.futura-sciences.com;2026-09-26;2026-09-26;a-traiter;
25;7;47;Inscription requise;Forum;https://forums.futura-sciences.com/report.php?p=2473017;futura-sciences.com;Forum FS Generation;vBulletin;non (noindex (meta robots));inconnu;inconnu;non;non;?;100 % (GPTBot, OAI-SearchBot, ClaudeBot, PerplexityBot, Google-Extended);jardinage, maison, bricolage;;https://observatoire-biodiversite-npdc.fr/especes/frelon-asiatique/;2 (relais);Frelon asiatique (Vespa velutina nigrithorax) — Observatoire de la biodiversité du Nord–Pas-de-Calais | observatoire-biodiversite-npdc.fr/especes/frelon-asiatique | cet article;score SEO 7 < 60;forum vBulletin;;https://forums.futura-sciences.com/register.php;lien-interne : forums.futura-sciences.com;2026-09-26;2026-09-26;a-traiter;
25;7;47;Inscription requise;Forum;https://forums.futura-sciences.com/report.php?p=2484124;futura-sciences.com;Forum FS Generation;vBulletin;non (noindex (meta robots));inconnu;inconnu;non;non;?;100 % (GPTBot, OAI-SearchBot, ClaudeBot, PerplexityBot, Google-Extended);jardinage, maison, bricolage;;https://www.entreprisenettoyageparis.fr/top-3-entreprises-destruction-nids-de-guepes-et-frelons-a-paris/;2 (relais);Top 3 des entreprises de destruction nids de guêpes et frelons à Paris | www.entreprisenettoyageparis.fr/top-3-entreprises-destruction-nids-de-guepes-et-frelons-a-paris | cet article;score SEO 7 < 60;forum vBulletin;;https://forums.futura-sciences.com/register.php;lien-interne : forums.futura-sciences.com;2026-09-26;2026-09-26;a-traiter;
25;7;47;Inscription requise;Forum;https://forums.futura-sciences.com/report.php?p=2484319;futura-sciences.com;Forum FS Generation;vBulletin;non (noindex (meta robots));inconnu;inconnu;non;non;?;100 % (GPTBot, OAI-SearchBot, ClaudeBot, PerplexityBot, Google-Extended);jardinage, maison, bricolage;;https://observatoire-biodiversite-npdc.fr/dossiers/que-faire-nid-frelon-asiatique-signalement/;2 (relais);Que faire face à un nid de frelon asiatique ? Signalement et intervention — Observatoire de la biodiversité du Nord–Pas-de-Calais | observatoire-biodiversite-npdc.fr/dossiers/que-faire-nid-frelon-asiatique-signalement | cet article;score SEO 7 < 60;forum vBulletin;;https://forums.futura-sciences.com/register.php;lien-interne : forums.futura-sciences.com;2026-09-26;2026-09-26;a-traiter;
25;7;47;Inscription requise;Forum;https://forums.futura-sciences.com/report.php?p=2485026;futura-sciences.com;Forum FS Generation;vBulletin;non (noindex (meta robots));inconnu;inconnu;non;non;?;100 % (GPTBot, OAI-SearchBot, ClaudeBot, PerplexityBot, Google-Extended);jardinage, maison, bricolage;;https://observatoire-biodiversite-npdc.fr/especes/frelon-asiatique/;2 (relais);Frelon asiatique (Vespa velutina nigrithorax) — Observatoire de la biodiversité du Nord–Pas-de-Calais | observatoire-biodiversite-npdc.fr/especes/frelon-asiatique | cet article;score SEO 7 < 60;forum vBulletin;;https://forums.futura-sciences.com/register.php;lien-interne : forums.futura-sciences.com;2026-09-26;2026-09-26;a-traiter;
25;7;47;Inscription requise;Forum;https://forums.futura-sciences.com/report.php?p=2485062;futura-sciences.com;Forum FS Generation;vBulletin;non (noindex (meta robots));inconnu;inconnu;non;non;?;100 % (GPTBot, OAI-SearchBot, ClaudeBot, PerplexityBot, Google-Extended);jardinage, maison, bricolage;;https://observatoire-biodiversite-npdc.fr/especes/frelon-asiatique/;2 (relais);Frelon asiatique (Vespa velutina nigrithorax) — Observatoire de la biodiversité du Nord–Pas-de-Calais | observatoire-biodiversite-npdc.fr/especes/frelon-asiatique | cet article;score SEO 7 < 60;forum vBulletin;;https://forums.futura-sciences.com/register.php;lien-interne : forums.futura-sciences.com;2026-09-26;2026-09-26;a-traiter;
22;2;46;Inscription requise;Annuaire;https://www.toutpourvostravaux.fr/;toutpourvostravaux.fr;L’annuaire des artisans de France;WordPress;non (noindex (meta robots));inconnu;inconnu;non;non;?;100 % (GPTBot, OAI-SearchBot, ClaudeBot, PerplexityBot, Google-Extended);nuisibles, maison;Paris, Lyon, Toulouse, Montpellier;https://allo-frelons.fr/;1 (site);ALLO FRELONS | allo-frelons.fr | ALLO FRELONS Paris;spot éditorial : lien direct vers le site;annuaire avec lien d'ajout : « Se référencer »;;;"requete : annuaire artisans ""inscription gratuite"" entreprises";2026-09-26;2026-09-26;a-traiter;
